row_num,year,forbes_id,forbes_worth,forbes_public_worth,purchase,sale,kg,kg_long,kg_short,option_profit,noneq_comp,ordinary_income,kg_taxable,dividend,fiscal_income,donation,donation_deductible,income_taxable,ca_income_tax,fed_ordinary_income_tax,fed_preferential_tax,fed_income_tax,fiscal_income_tax,sales_tax,w_txt,w_tax_ppent,w_pi,public_worth,public_worth_avg,total_tax,economic_income,copy_num
1,2019,marlo-zanderfell,137229.238,75059.169,845.5524,637.3763,498.8235,1670.7839,151.0488,,,88.4799,940.3098,661.0579,569.6812,,130.3496,,,,124.1195,,240.5303,43.5446,662.3743,28.2374,3186.6851,76001.755,72702.015,1002.6944,3000.8927,1
2,2019,calla-vantongeren,121155.963,86541.002,806.7171,2044.4379,592.2194,620.2754,,,19.0267,,,499.7201,,,105.7741,681.1074,98.5787,55.3069,278.4162,314.3341,,18.056,390.8213,42.2164,4931.5673,86589.433,77754.616,1422.1306,6300.8864,1
3,2019,xavi-juniper,79421.028,50932.998,305.4875,1142.8334,,876.9142,140.0053,,12.7916,87.0079,302.8566,333.5705,1195.1072,176.8397,,574.9236,151.2012,,,203.6707,48.4551,27.1975,466.8799,31.7326,2413.8509,50431.816,50533.652,1102.3616,3801.2549,1
4,2019,quill-silverbrook,68236.831,53111.041,,320.6977,,532.9211,30.8306,,31.4602,,800.9732,,269.8795,106.5112,116.8319,376.2364,61.7979,,,64.7107,144.6322,3.087,332.5788,33.3863,1455.8548,54915.077,45740.06,930.5222,1279.0245,1
5,2019,yara-kettleby,34015.172,24249.866,,537.5082,395.4687,345.0433,51.9183,,12.7168,18.3661,453.6412,25.7437,589.1809,91.8578,51.7151,272.8403,59.8762,3.1365,74.3074,39.3782,181.3815,11.7562,54.6633,7.4911,272.3735,23244.771,22208.634,220.0785,1455.3167,1
6,2019,calla-quarrington,25937.607,20461.433,33.2739,99.9028,89.5781,274.3944,6.4712,,8.942,,185.7486,120.1487,112.7248,83.2833,16.6774,372.5516,9.6254,2.2171,10.0233,29.3507,72.478,5.8373,172.6355,10.9777,731.5132,20729.039,18339.773,48.7563,1289.0667,1
7,2019,kestrel-hollowell,22046.861,7305.721,135.7305,106.016,77.7701,,6.2502,,8.8417,13.1625,301.9638,105.7369,209.7593,16.4665,26.607,46.1707,13.7165,8.032,58.7268,65.1092,62.1506,2.3904,25.2713,9.2962,222.245,7480.031,7275.151,272.5395,460.3345,1
8,2019,calla-northcott,19171.368,17404.072,,91.5531,93.5445,113.1725,27.134,,15.7634,,111.777,,59.5326,,18.9714,,28.9029,9.3774,,7.8491,,5.0319,105.0976,5.3221,571.1292,17612.5,17167.19,88.4881,990.1501,1
9,2019,nell-ravensworth,14770.771,6718.335,18.069,239.2066,65.7186,184.9767,10.748,,6.3686,20.8521,209.6007,54.4988,244.7399,11.9991,15.6104,,26.2475,,29.1941,44.8732,63.1971,2.2583,85.6579,7.3649,179.2251,6605.89,5761.888,120.9122,594.1485,1
10,2019,kestrel-glenrock,14514.904,7101.425,,168.2011,113.6723,71.0826,22.3926,,8.7791,,119.1669,10.3779,55.152,8.4416,5.4474,65.3009,11.103,4.4593,7.699,,25.5449,2.1126,24.9512,1.1237,311.2014,7090.351,6156.739,103.5628,610.8259,1
11,2019,ulla-larkspur,10684.914,7295.676,24.9963,156.6853,64.9891,108.495,9.6529,,6.8326,15.3215,83.8046,40.9819,52.3905,,,37.9985,,2.1917,21.9213,6.7862,,3.2389,37.9891,1.0861,267.1178,7652.706,6765.136,91.1458,697.0986,1
12,2019,soren-driftwood,10623.596,4256.511,45.6008,32.5243,127.4604,69.13,5.8698,,3.6842,,27.9409,54.5029,41.3708,31.6743,9.1831,137.1892,3.2769,,7.3207,7.4029,17.1489,2.4414,72.4438,4.6801,474.4908,4398.574,4243.979,123.7714,389.1712,1
13,2019,kestrel-emberton,7972.268,6122.693,12.5907,83.4432,57.4652,49.7257,12.7088,,4.4888,12.1313,82.3381,17.7891,34.0606,27.4667,2.2321,22.3183,12.8471,4.5943,6.8358,22.1059,7.96,,29.0914,2.0394,389.2521,6246.752,5329.974,39.8663,151.7239,1
14,2019,zeno-hollowell,7944.162,6717.355,35.2108,,29.3043,31.9798,8.1391,,,7.8957,,30.6451,133.0131,6.9603,5.4233,120.5112,6.8453,4.2236,5.1445,,15.2222,,43.4588,1.0579,198.2084,6659.071,5880.843,96.7408,243.8938,1
16,2019,lumen-kettleby,6797.418,4013.815,10.4657,,79.5753,49.3694,,,5.024,6.0943,,16.3501,97.0583,2.779,6.4711,103.4808,13.6388,2.4083,17.9765,3.1233,35.0419,1.1687,21.1777,1.6557,89.1709,4161.809,3766.09,49.1445,246.8815,1
17,2019,yara-zanderfell,6612.108,5353.671,40.545,61.1642,93.8812,79.1501,10.489,,1.5633,5.7433,95.2052,6.7987,99.9202,7.8088,,73.6059,12.0276,3.0862,16.6491,17.0284,20.6651,1.8902,41.5739,3.1149,270.0094,5187.818,5107.309,89.2543,367.6762,1
18,2019,ember-blackthorn,6185.654,1900.315,,66.4211,73.0956,15.2401,11.0855,,1.9155,3.5903,42.6173,13.45,74.679,8.2212,10.8815,85.1043,6.3247,3.9367,16.6096,,21.7615,0.8483,40.6198,3.1295,262.8082,1863.793,1842.56,59.3829,126.8457,1
19,2019,soren-ironwood,5401.094,4803.6,9.5358,17.6911,18.5633,,6.9305,,2.0022,1.4388,36.9597,6.3582,13.806,,6.7328,53.8742,9.3783,0.5365,11.4709,,,0.6463,37.9214,2.712,256.0756,4860.788,4141.167,71.991,173.3676,1
20,2019,tamsin-dunmore,4499.882,2592.281,12.6521,76.6222,22.1382,9.5975,7.4463,,1.9566,6.81,,15.7223,55.9948,13.5613,3.9397,67.4269,3.2006,,1.4212,5.9858,17.68,1.5975,14.3748,0.6864,27.0939,2676.735,2305.65,43.811,133.2996,1
21,2019,halle-larkspur,4222.762,3694.131,16.8574,75.9,51.0136,,4.7662,,3.5153,1.0632,25.8546,15.379,82.3808,14.887,4.0961,32.4053,7.0702,2.8773,7.4947,10.1928,11.051,1.066,20.0257,0.8927,26.6539,3547.675,3332.953,52.8793,50.8686,1
22,2019,zeno-amberly,4043.282,3071.835,,40.7227,56.2807,14.084,4.6979,,1.936,6.1636,44.342,17.5468,39.409,1.762,1.9443,,4.6254,0.6315,9.987,,,1.4525,20.9504,1.2705,148.4155,3184.77,2737.648,48.2514,168.2826,1
23,2019,jory-thistlewood,3420.06,1507.078,,32.8869,10.3448,37.5435,,,1.66,1.6522,24.2712,,47.2446,,,,1.7635,1.4068,9.2231,,4.5904,0.4879,12.771,1.3031,50.4299,1562.625,1437.397,31.014,186.2625,1
24,2019,bram-copperfield,3318.966,2106.574,21.1972,17.6054,44.3098,23.3688,2.8828,,1.2356,5.0067,7.4866,8.1823,37.4546,5.6758,3.1987,41.1408,4.5787,2.088,8.4744,1.7925,17.2757,0.4892,16.4444,1.7112,98.8695,2168.49,1796.359,23.1748,233.1816,1
25,2019,quill-kettleby,2766.32,1158.33,5.6451,28.1317,10.4716,23.359,4.6125,,1.1375,4.8245,14.8743,2.8279,,8.9798,2.0266,45.0471,1.1963,1.7341,5.5863,3.1815,4.0814,0.7528,16.2669,1.4684,33.1293,1187.74,1130.699,21.1085,185.7531,1
26,2019,soren-hollowell,2695.339,1171.678,5.9004,,15.9954,,3.512,,0.2819,3.5431,8.9696,13.8949,38.2485,3.382,1.0117,13.9359,4.5083,0.6715,,,,0.8975,14.4395,1.2597,115.6282,1204.556,1032.59,19.1591,33.273,1
27,2019,marlo-quarrington,2638.576,2165.42,11.59,15.6266,,,2.7215,,1.226,,4.9537,,49.9948,1.888,3.6989,40.1161,3.0208,0.2472,4.226,8.3789,9.2859,0.2775,6.1257,0.6654,134.0312,2176.942,2073.374,7.9275,77.2042,1
28,2019,ember-brightwater,2187.268,708.397,15.1962,,16.6174,17.0791,1.2402,,1.0459,1.4805,21.1026,3.1482,40.3256,,,16.2828,0.9772,,2.4094,7.2184,2.8949,0.5847,14.5739,0.5296,59.615,681.42,678.454,29.7693,28.1718,1
29,2019,rhea-dunmore,2171.399,1455.508,10.8997,12.4915,21.8516,17.6805,1.3634,,1.7856,1.6103,11.5847,,15.9827,4.7987,0.9112,27.4779,2.4104,,,,4.5722,0.6437,3.8776,0.6387,52.4766,1444.335,1395.948,14.4191,103.0846,1
30,2019,ulla-glenrock,1905.814,1072.084,1.694,12.8118,14.3371,21.4556,1.4302,,1.3099,2.1444,10.5182,6.0697,34.9913,1.0582,0.6315,7.6444,3.7806,1.1515,,2.7435,3.1329,0.1151,5.619,0.9996,68.8695,1028.854,1001.813,7.9941,83.0446,1
31,2019,cyrus-copperfield,1842.592,1080.453,,28.0893,,9.4648,,,0.5872,2.3014,5.3377,3.1652,29.7779,3.5143,,24.138,2.8369,0.2009,3.8339,2.2703,3.4436,0.5904,4.2978,0.907,33.244,1078.692,1058.182,4.5122,59.6182,1
32,2019,wren-underhill,1763.148,1247.585,7.0527,5.6263,20.669,,1.7974,,,2.3642,22.7471,2.1956,33.7345,5.1351,1.3107,7.6699,2.1533,0.9685,3.5903,1.9693,,0.2633,3.4457,0.8732,39.8134,1287.352,1185.652,24.9572,25.0123,1
33,2019,lumen-underhill,1646.376,1535.455,5.2821,5.2193,21.3765,8.1748,2.1347,,1.0342,,23.2813,4.1566,25.8314,5.1528,,16.2485,2.4594,0.3869,1.3633,4.778,6.8381,0.3004,2.5307,0.5859,79.5431,1537.115,1451.756,11.3667,52.9987,1
34,2019,tamsin-kettleby,1355.173,1206.234,1.4539,11.2188,10.4054,14.3616,0.4183,,0.6096,,16.4544,2.3751,18.082,4.3099,1.6442,9.8872,1.3089,0.5387,2.8498,1.5126,3.843,0.1352,3.1189,0.4938,67.6412,1174.511,1119.356,11.4729,45.7889,1
35,2019,ulla-northcott,1212.232,399.299,4.7525,16.849,11.505,1.9726,1.1046,,0.9898,0.6036,14.648,5.0721,14.4625,1.1006,1.8037,,1.7093,0.5289,,0.6228,3.1196,0.3909,7.8426,0.5767,41.7518,401.72,362.998,12.1268,46.3834,1
36,2019,rhea-vantongeren,1038.977,951.54,2.3308,,,2.3319,0.5305,,0.1768,0.6028,11.9889,,,3.529,1.532,3.4736,0.9408,0.3485,1.056,0.4496,0.7828,0.3342,7.2602,0.445,25.5971,976.993,854.347,9.3177,67.4069,1
37,2020,marlo-zanderfell,194242.571,131268.417,682.0694,3393.721,1576.4199,1460.7892,293.11130000000003,599.5109,,161.3783,2702.0644,359.8897,932.2135,520.3232,184.1162,1644.5212,360.3552,17.2248,78.4314,354.2526,226.0239,48.7316,261.915,37.457,7298.2013,137228.206,114028.054,1021.1678,7448.9473,1
38,2020,xavi-juniper,114620.685,44799.82,699.3214,575.9284,,,102.9179,405.0988,42.9471,179.335,496.77,602.1426,938.5886,,136.5071,1570.7577000000001,224.9166,63.6792,291.5805,,463.3786,17.5723,653.464,9.9235,784.9308,42576.744,43238.85,335.735,4461.8849,1
39,2020,quill-silverbrook,114263.495,61053.108,754.0516,2053.8361,1348.895,796.8036,71.7079,,32.259,,233.2976,166.4837,595.4825,332.6233,46.1872,1652.1928,231.1825,77.0789,272.4788,,469.0351,31.3313,210.456,28.7698,3273.4248,59642.627,60356.706,694.4412,2721.8118,1
40,2020,calla-vantongeren,102272.936,34225.254,644.5656,1111.1623,865.1401,266.8732,,,48.7555,43.1997,1371.6954,,1138.5517,57.868,157.9235,1264.9047,59.1578,42.8679,70.3043,227.0456,359.9711,20.8164,430.104,43.6911,1096.4035,35558.219,32412.766,829.6044,2411.3209,1
41,2020,yara-kettleby,26592.974,20753.629,138.8392,210.2075,258.0639,,22.1195,34.029,7.658,44.5951,196.0708,85.6564,340.8476,,20.2441,120.0153,52.3417,15.3818,,80.8967,61.1227,4.9711,39.8203,11.9518,812.2046,20797.368,18111.605,283.7714,910.7592,1
42,2020,calla-northcott,25786.569,17544.068,,171.2163,334.9092,,28.643,,18.5635,,242.6818,29.1871,93.9666,52.1116,11.5564,,15.4227,14.7131,39.1646,,43.8983,2.9671,34.2262,6.6983,269.2175,17200.605,15073.111,47.1834,1624.0219,1
43,2020,kestrel-glenrock,20083.755,7066.18,46.794,72.4338,,82.0284,,70.0451,3.1862,14.1246,,84.364,,68.2037,6.7558,163.4352,42.6004,5.9782,30.4379,,74.9019,6.2653,46.1913,1.5212,715.8914,6736.445,6968.995,159.5067,832.2912,1
44,2020,nell-ravensworth,17752.797,5543.12,103.104,158.5666,206.8627,184.4295,10.4881,40.7135,1.8202,15.2949,131.0052,,327.7972,11.2738,11.3139,263.9539,13.9724,8.3345,24.9955,16.2265,,3.9624,104.1994,7.8712,430.3486,5457.057,5144.179,187.8577,288.6838,1
45,2020,calla-quarrington,17033.815,13742.873,25.073,,134.407,181.2758,,,2.5908,28.4134,95.8406,44.9458,61.9186,22.6479,22.4339,262.9093,23.6378,,,,42.7297,2.7438,96.9079,4.8844,228.9478,13933.732,12949.593,234.3485,1066.9091,1
46,2020,soren-driftwood,10195.757,9383.581,58.6336,173.1317,16.8178,110.7072,12.4315,27.9811,3.3859,3.5847,141.2368,,128.4624,26.115,7.271,62.6343,18.764,1.3572,15.4469,25.4522,10.598,3.464,63.088,2.9624,496.6541,9839.615,8483.728,129.0873,149.6577,1
48,2020,zeno-hollowell,7406.441,3994.065,7.0129,47.5651,,58.2315,3.2781,19.4889,1.9666,8.0338,89.8126,35.0121,,19.4176,4.9541,,8.6613,3.7187,18.3425,23.008,,1.2851,33.8782,1.5907,234.4029,4114.975,3654.539,90.2158,216.2827,1
49,2020,yara-zanderfell,7365.345,5670.462,19.6023,33.8978,,29.7691,8.3341,,1.4813,3.7738,15.8111,29.9296,130.2868,8.7677,1.4894,47.3622,7.828,1.8152,15.3012,18.6436,14.7726,2.444,10.277,1.8295,103.9386,5902.437,4980.485,15.8305,484.2211,1
50,2020,soren-ironwood,6174.33,4980.689,,,25.5664,22.0041,5.1645,15.9819,5.5432,5.1419,81.1427,15.5807,79.141,18.5456,,19.1765,,2.461,15.8264,11.6335,18.0354,2.1765,30.3662,2.2687,168.544,4865.25,4726.051,53.033,182.2547,1
51,2020,kestrel-emberton,5864.289,4392.301,26.4751,89.4896,12.3401,8.2337,1.9893,,3.6106,3.8328,22.1143,,82.5288,6.579,7.9558,60.4152,2.4998,,7.5252,6.83,,1.3615,31.7659,0.6044,240.7017,4524.541,3887.781,80.0845,287.5529,1
52,2020,ember-blackthorn,4786.212,3831.54,18.4617,56.9284,62.2966,13.6231,7.9793,2.3463,2.1933,1.4638,21.6354,22.4745,24.0787,11.0801,8.3116,15.5715,2.3135,0.7058,,11.298,19.4254,0.4061,12.9182,0.678,212.3163,3748.981,3435.733,54.1851,248.3064,1
53,2020,bram-copperfield,4763.353,4523.055,8.0642,28.473,66.9902,46.1738,6.4373,,,,,24.8225,95.9297,10.116,7.4578,14.0245,,,2.3599,5.104,12.1141,1.5748,19.9805,1.1677,128.7152,4332.46,3862.088,44.4711,271.8898,1
54,2020,tamsin-dunmore,4746.081,3950.43,,,64.9651,24.1704,7.3584,,1.3212,8.2536,22.9684,,38.2373,8.5359,3.2253,27.5235,9.9847,,6.8144,,7.5982,0.9083,32.4846,0.934,121.2378,3952.842,3664.9,20.9972,288.6282,1
55,2020,zeno-amberly,4457.908,3425.075,,67.9401,,22.0902,,12.3636,1.1763,3.1687,58.1319,6.7992,22.8104,12.0289,,70.2065,,0.8737,11.849,,4.2527,0.34,31.9935,1.7471,30.5065,3291.576,3327.001,49.7509,304.3516,1
56,2020,halle-larkspur,4268.502,2606.404,15.2571,29.5385,41.5692,45.7668,1.4799,7.7627,3.0261,6.9993,44.1569,,66.5196,,3.262,,5.4766,1.9314,5.5677,,,,10.1322,1.754,43.3582,2595.833,2323.154,44.1061,92.8635,1
57,2020,jory-thistlewood,3962.263,1302.463,,30.2631,7.4049,,3.2309,8.0398,2.5189,5.1776,25.1654,12.7002,34.7864,1.8162,6.8939,23.5625,8.0563,2.562,2.9392,12.1049,19.1084,0.7684,12.7716,1.342,33.6296,1348.037,1120.002,22.6861,188.567,1
58,2020,soren-hollowell,3483.889,1996.212,3.7475,40.4083,35.6888,25.7532,1.136,9.3165,,3.4703,25.9183,7.2954,60.365,,1.0279,23.7014,3.5385,2.392,4.8568,8.8976,18.4509,1.0648,13.4113,0.2977,182.7378,2009.251,1811.166,24.063,246.1733,1
59,2020,rhea-dunmore,2793.5,1061.896,8.7696,20.3286,21.6778,12.9144,3.2835,1.9947,1.813,2.4417,19.4387,12.3923,26.0299,2.5184,4.5065,,3.9077,0.7465,,,9.455,0.9584,9.8533,1.0417,83.4967,1090.615,1050.492,34.897,51.5407,1
60,2020,marlo-quarrington,2783.478,1895.737,4.1685,37.0386,8.9408,21.3919,0.772,1.7384,,4.5675,,13.5221,49.8235,1.2928,2.6497,13.4576,,1.1322,7.0226,3.95,1.8635,0.7569,12.7372,1.4705,66.2208,1915.892,1621.498,10.8298,172.9661,1
61,2020,quill-kettleby,2699.882,2096.356,12.4526,43.7252,30.1905,26.3529,,8.7521,1.4181,,34.9662,2.7846,53.7501,9.4893,4.8011,24.054,,0.7218,6.2452,6.0609,11.2883,,16.4884,0.8105,47.3829,2126.603,1796.667,6.2924,95.7144,1
62,2020,xavi-copperfield,2387.809,1296.102,4.4153,35.1517,19.7508,29.5359,0.9104,,1.7356,3.4836,13.4312,4.3879,39.7922,2.8978,2.9805,28.3969,3.5511,0.4124,1.8435,7.2623,1.7154,0.5326,11.1833,0.9187,65.2511,1338.157,1239.655,14.1594,148.9305,1
63,2020,kestrel-dunmore,2194.965,1954.977,4.4896,24.8113,14.131,8.2966,1.3095,,0.3719,,20.0217,9.7223,42.3833,1.0801,2.5487,13.5222,4.2173,1.1576,,5.4168,3.9922,0.1806,13.9408,1.1182,97.4443,1987.019,1821.14,30.5275,32.425,1
64,2020,cyrus-copperfield,1691.503,655.796,11.2158,22.6328,12.5817,10.0596,1.4618,5.3975,0.3186,2.0932,9.3823,,18.9716,3.536,2.2603,25.0001,1.1544,1.0957,4.3759,,7.7697,0.521,10.6819,0.3999,32.6249,635.03,649.185,2.9749,108.1158,1
65,2020,ember-brightwater,1654.947,1240.918,9.1924,5.6671,17.7583,3.0888,1.7941,2.0799,0.3168,0.5673,,3.1228,24.3729,4.785,1.7442,23.7232,1.1239,1.0795,1.2397,,3.9792,0.2879,3.7162,0.7766,35.6095,1264.482,1189.269,18.8021,30.5482,1
66,2020,lumen-underhill,1615.09,1145.064,,25.756,,3.195,1.0738,3.4112,,,13.6953,2.7847,4.6669,0.6891,2.5697,28.9527,1.9733,1.1278,2.1059,2.802,,0.0659,7.5609,0.4631,73.2496,1166.9,1053.635,6.2212,109.1479,1
67,2020,ulla-glenrock,1473.018,560.092,8.499,17.013,11.7361,8.4291,2.3441,4.0751,0.5849,0.7566,11.3918,7.5884,25.8264,0.6194,2.3486,16.1555,,0.6383,0.523,,3.7784,0.2956,10.1127,0.5611,79.1918,584.633,559.574,16.3794,86.68,1
68,2020,tamsin-kettleby,1418.876,950.091,3.087,22.5131,7.6345,10.5743,2.2662,,1.1153,,7.3152,5.1007,30.4686,3.4357,,16.7656,0.4019,0.415,2.08,3.6706,6.1756,0.0763,1.762,0.1106,59.5769,905.414,827.91,20.0316,58.2226,1
69,2020,ulla-northcott,1144.624,512.194,7.5726,13.8603,8.4172,7.2919,0.5757,,0.2313,0.6917,10.7664,3.7047,13.33,2.7562,0.2396,10.449,2.3503,0.6471,2.6739,2.3823,5.1706,0.3218,4.2608,0.2866,14.5715,497.819,470.086,6.4441,50.093,1
70,2020,rhea-vantongeren,1060.359,734.468,2.6586,18.5907,,11.5324,,0.4423,0.7416,,7.6884,,20.7158,,1.7941,11.7944,1.9028,0.4757,1.0316,3.5608,4.1966,0.0864,6.9783,0.4274,15.0416,701.183,667.579,8.3487,10.3204,1
71,2021,marlo-zanderfell,161041.614,134940.673,,,1060.9393,276.0561,284.9797,515.564,95.6214,,942.6491,353.1791,1005.263,493.3186,103.4275,2685.9357,,28.7418,112.0269,453.0929,318.5694,14.7706,366.9264,39.504,6311.9905,131320.25,122956.975,1570.7127,5268.3855,1
72,2021,calla-vantongeren,156977.161,119879.951,537.9278,845.2883,2011.3724,682.6067,223.8895,,127.4303,150.0916,,,3095.4802,517.1772,190.4496,2564.4834,220.7747,60.5171,279.7213,516.2652,442.0526,31.9756,1103.7849,21.9548,5769.0069,115041.699,116357.697,575.5877,4466.8581,1
73,2021,quill-silverbrook,90843.592,53930.628,,1059.2655,693.0891,792.89,50.6935,,,156.4639,,445.7322,,59.2722,40.23,1100.2524,115.4208,40.024,138.9711,42.5792,,,157.784,26.4509,807.3833,52289.685,48541.488,831.9062,6497.9571,1
74,2021,xavi-juniper,83408.153,75618.856,140.6101,415.1328,1053.3852,907.4615,136.1192,61.8141,60.9167,57.9476,294.4074,370.0916,1751.1571,127.7107,25.1815,1082.4093,130.6005,37.5967,101.1863,96.7609,173.162,,313.6919,39.7476,4213.1017,77252.359,73222.303,313.6623,5136.6412,1
75,2021,yara-kettleby,26617.784,24103.241,,413.7967,230.0605,211.9046,10.3587,,6.9591,25.4524,290.333,142.6961,278.8415,87.4643,35.6784,337.2359,43.4938,15.8406,32.9681,,141.01,8.438,98.2987,7.1579,648.7072,24021.648,20979.929,202.4516,318.3845,1
76,2021,calla-northcott,25605.914,8004.887,101.8587,430.7921,,160.908,43.3866,31.5472,9.9893,45.904,243.8389,63.4297,285.9812,27.549,33.7208,358.8989,48.0699,7.4016,15.8933,31.245,15.8971,8.6713,86.9714,12.7126,645.0184,7662.976,7044.919,302.4412,1341.513,1
77,2021,kestrel-hollowell,24894.811,17968.94,53.642,114.8983,135.6644,214.4117,8.8757,,17.5814,35.9538,67.9687,57.3963,329.1343,,9.1953,148.6724,50.0284,5.4108,27.7457,,72.2223,1.5896,59.857,11.2052,746.5037,18734.215,15532.37,179.1673,391.9413,1
78,2021,kestrel-glenrock,24764.64,11503.157,116.9652,115.5606,242.2026,,13.4553,,12.4912,33.2435,262.2863,124.1853,498.0516,,,442.1181,,4.8274,29.8666,69.7137,125.3684,5.7507,76.5778,9.1806,1011.7457,11615.169,11106.001,237.7405,1593.5219,1
79,2021,nell-ravensworth,15260.941,12707.558,48.3561,127.577,189.9799,179.2313,14.5993,45.7382,10.2492,,213.1276,45.9247,182.2067,,6.295,172.9593,22.6731,2.6282,15.6898,29.8182,36.9236,4.4839,63.776,7.5019,683.475,13151.164,12626.776,217.0665,395.2092,1
80,2021,ulla-larkspur,15163.259,12886.639,,270.5327,143.4008,107.1294,11.7715,,,5.5441,91.5769,,155.2356,23.0382,11.0572,131.1055,11.0611,,5.7386,29.5273,52.3822,4.5224,58.4443,1.4153,187.3597,12580.459,12537.398,160.3036,660.9146,1
81,2021,soren-driftwood,13143.594,7188.906,14.7369,185.8239,60.5568,163.6702,7.0827,31.6998,1.6173,18.5645,124.8315,51.4188,57.6378,46.7021,17.1074,,11.1826,5.2756,27.2792,35.8128,10.4814,2.3253,53.98,3.0142,662.5242,7117.404,6987.204,32.9892,699.7544,1
83,2021,lumen-kettleby,7716.925,2540.935,,16.8426,67.5266,,7.4326,25.6091,4.5232,8.7182,55.5652,6.7626,139.4114,11.5294,,81.9374,,,4.4935,8.2055,12.137,1.3279,32.6934,1.8006,338.5693,2453.395,2332.21,103.4646,447.4311,1
84,2021,zeno-hollowell,7705.853,4529.433,20.1325,84.1083,99.3188,74.4353,13.2825,,1.457,7.8794,91.7901,22.4409,124.331,21.9986,6.3952,111.696,12.3909,3.8937,10.06,,10.8646,2.2432,27.3184,2.3407,344.4085,4704.895,4264.499,57.2897,335.851,1
85,2021,yara-zanderfell,7147.969,2584.624,7.4154,76.7635,,26.5224,8.7088,18.4014,2.9953,6.5958,,27.9464,91.759,,,67.7971,6.1393,4.8323,18.4531,13.6889,12.6074,1.3746,46.1639,0.9561,233.5046,2633.52,2544.569,24.4433,440.6851,1
86,2021,kestrel-emberton,6527.574,2210.23,41.8081,36.0516,19.8779,16.7503,10.0405,,5.0568,4.8871,47.9919,,,6.6787,2.0317,45.0785,7.6237,3.0247,17.4649,7.95,31.1833,1.9717,35.5282,0.7168,128.1631,2196.072,2177.294,66.4179,114.469,1
87,2021,ember-blackthorn,6332.045,2127.033,40.943,74.4351,46.7171,60.5231,3.9066,,5.4737,,24.2556,,114.758,17.7963,3.4906,106.2519,1.9077,2.0525,9.132,21.1478,33.8128,,15.3961,1.8427,321.1717,2126.683,1913.487,88.4964,218.855,1
88,2021,bram-copperfield,5924.564,4309.569,38.6496,16.7555,22.8349,10.6135,9.9303,,5.0028,8.8002,,,67.3097,19.9686,4.922,15.1497,1.7471,,2.5849,5.9056,26.7361,1.1294,26.1938,2.9352,227.2826,4372.917,4050.856,24.9538,113.9769,1
89,2021,halle-larkspur,5900.952,2070.298,4.753,,12.9499,23.3539,,16.5433,,10.1381,,29.834,121.2101,8.1157,,65.3883,1.8093,1.0479,4.0469,13.9213,30.4584,1.5287,30.3397,2.4629,149.3339,1975.361,2044.616,23.3121,118.4188,1
90,2021,zeno-amberly,5232.212,3002.387,,64.9967,29.4466,65.8179,7.8039,,4.5583,1.7337,47.0556,13.6617,81.8001,14.9682,4.5999,73.0472,,,11.6903,14.6712,10.0039,1.8233,5.5235,2.1527,245.3938,2930.542,2850.94,29.2591,77.498,1
91,2021,soren-ironwood,4646.923,2576.034,,40.9767,52.8964,,6.0966,,2.9042,6.9577,39.9303,,61.2577,3.1365,7.6328,67.9578,9.3077,1.2342,,14.2812,6.0881,1.5951,12.9107,1.4622,229.9737,2674.844,2368.782,27.936,109.3041,1
92,2021,tamsin-dunmore,3452.899,1579.648,13.4034,48.1925,19.238,17.8318,2.3971,1.9987,1.8824,2.996,42.5913,7.8607,52.3882,,2.9881,34.4973,5.2214,1.0887,6.0928,9.7249,,0.1882,13.8967,0.8477,111.3001,1526.652,1427.087,30.7283,191.2969,1
93,2021,xavi-copperfield,2754.517,1081.634,13.2209,,39.2588,28.1376,4.5328,,0.5597,0.936,38.5555,5.515,9.1192,5.4222,1.2685,35.9208,1.3016,0.3069,3.6706,3.7036,13.9443,0.5352,5.7927,1.2851,93.5431,1032.473,1011.547,39.3667,42.0992,1
94,2021,ulla-glenrock,2347.124,1966.963,,9.7559,,,0.7082,,1.4791,0.9814,16.7672,7.7289,22.8569,6.6696,2.007,,4.9731,,4.1618,1.5442,8.2809,0.5096,14.0607,0.5817,55.4718,2020.77,1893.407,12.6698,89.7562,1
95,2021,kestrel-dunmore,2327.278,781.998,,9.1104,,15.1625,2.6979,6.4225,0.9444,2.9429,12.3406,10.5749,36.3514,6.8563,,25.9759,,,2.5842,3.9856,,0.7899,1.8758,0.7743,111.4692,787.418,758.384,32.7143,103.4236,1
96,2021,soren-hollowell,2177.252,688.964,9.6983,37.7622,22.1204,19.5901,1.1848,5.0213,0.5919,,,9.0706,14.7628,6.6336,2.0671,36.0462,1.8995,,3.0231,3.5073,9.8592,0.5815,12.8172,0.8451,94.3514,713.808,588.524,25.3704,120.9636,1
97,2021,quill-kettleby,2165.722,948.186,11.2712,34.0704,,6.6697,2.6241,,,1.9288,19.3042,7.2896,43.8724,2.9558,2.4803,11.2187,1.4781,1.5541,2.0398,3.9053,7.4791,0.4288,3.2806,0.6321,76.7739,990.978,919.25,25.2465,89.0624,1
98,2021,ember-brightwater,2022.518,1339.77,9.1534,7.5184,22.269,,3.1142,,1.7723,3.4607,18.9421,5.945,29.2152,4.4897,2.3583,9.7458,0.9364,1.434,3.2703,,3.8746,0.5096,11.8502,0.422,49.5684,1290.889,1150.175,10.5507,23.3177,1
99,2021,cyrus-copperfield,1759.769,895.912,7.3088,,17.9037,7.6613,2.0865,,1.1823,2.9329,7.7331,3.7244,15.8981,3.203,2.6766,11.7655,0.5877,0.5354,4.206,3.4204,3.3624,0.4393,1.9135,0.8679,44.1264,857.31,879.036,24.5739,79.2096,1
100,2021,lumen-underhill,1718.167,1026.257,,6.9242,9.4343,9.0406,2.7211,2.9935,0.3163,0.5578,17.5984,2.7822,7.7785,4.1875,,28.7094,1.9633,0.8943,4.2883,3.75,4.928,0.3536,2.9626,0.4635,30.0716,1044.595,940.76,5.4957,44.7834,1
101,2021,wren-underhill,1587.109,613.889,1.4332,9.5488,5.3369,,2.1569,0.8192,0.5333,1.9255,14.7269,5.213,4.8892,3.0562,1.4619,,3.28,0.5349,0.6915,5.0857,1.0341,0.0949,2.1333,0.2471,55.9338,631.96,563.367,3.7688,38.3727,1
102,2021,ulla-northcott,1352.257,829.987,3.5797,9.9835,19.194,9.1084,0.6581,4.1264,0.7527,0.6106,14.7488,2.2819,22.3774,4.3986,2.0659,,1.2867,0.344,3.0182,,1.1468,0.3048,3.1795,0.5202,19.3483,835.296,729.393,3.9973,50.5447,1
103,2021,rhea-vantongeren,1114.969,615.655,,11.7015,12.516,11.1518,,,0.8886,1.7356,15.6233,5.4257,23.852,1.8473,0.7619,8.2553,1.6562,0.2738,1.4855,1.4253,,0.3298,4.8987,0.3,6.7188,609.307,599.353,3.2013,35.3497,1
104,2022,marlo-zanderfell,224766.336,148063.746,560.0124,,2253.1887,598.9724,358.4713,,184.2289,237.891,2299.5535,548.0319,3945.4924,321.6358,177.7654,3910.4668,441.7769,19.3396,395.6396,266.5883,435.3905,40.7923,1009.1161,120.6053,8814.5143,147537.118,127847.255,389.2892,14078.2476,1
105,2022,calla-vantongeren,114539.218,67402.773,101.1557,1596.5622,397.3736,1025.4184,31.4262,,41.1133,144.6016,1608.0092,112.0885,1950.8669,242.8428,56.3723,1823.5648,221.326,67.3582,53.3448,166.3122,573.8284,12.872,609.2855,11.8486,6108.2282,64667.456,66682.323,490.9601,7233.2097,1
106,2022,xavi-juniper,104484.822,47532.935,368.2828,445.9961,,,175.8346,,,31.0648,1368.9788,79.2911,1457.1713,194.5425,143.9264,235.3041,59.8677,56.7777,116.6235,,123.4866,28.4691,149.0701,9.7402,3387.1513,47086.888,45182.234,928.6182,4143.6932,1
107,2022,quill-silverbrook,86847.252,78294.13,602.1982,700.59760000000006,1001.015,,103.2341,74.1221,68.2656,41.2014,,193.3743,492.3836,42.2826,50.5041,1423.5163,72.9849,47.3595,86.4569,,387.3641,6.5746,353.8733,8.7922,3888.9389,81748.088,73370.595,215.8297,4865.672,1
108,2022,kestrel-hollowell,38761.397,13589.753,168.3845,401.5533,525.6105,292.9301,56.7867,,,37.3179,407.1965,205.0804,724.8779,78.9226,,471.1913,62.9203,27.9061,104.4236,119.7745,,,111.819,12.5656,1203.2365,13145.762,12739.913,279.243,1662.9437,1
109,2022,kestrel-glenrock,25289.225,11913.393,176.1795,414.139,224.2987,,,33.1047,3.7915,5.5274,60.0994,121.9295,442.5503,,25.466,126.5037,,8.5301,35.2654,40.3832,,4.9571,93.2827,13.5334,165.4433,11706.536,11460.376,297.8504,1315.2133,1
110,2022,calla-quarrington,23301.399,19807.204,22.3533,348.5891,,68.7237,27.1656,77.2847,,11.7496,140.818,43.0888,131.4315,50.4996,26.5446,246.2328,41.0305,13.0281,,50.8685,92.135,2.3122,120.0107,7.673,710.5811,19262.984,17905.216,40.9784,809.4075,1
111,2022,nell-ravensworth,16009.034,12423.648,36.2276,133.2465,101.0943,104.9094,19.3881,31.3959,5.386,16.5433,,72.3282,153.2839,53.1772,23.2973,37.6387,31.598,2.2231,6.7126,13.7131,41.7237,0.8097,107.988,7.9246,694.5475,11990.328,11209.91,141.4778,234.3132,1
112,2022,soren-driftwood,11500.804,6723.306,10.4755,55.2117,150.2144,111.9515,20.0231,11.4524,3.442,10.9912,117.554,,120.2314,9.4373,10.2464,164.3262,15.8194,2.2869,16.5376,,31.9883,,14.7764,1.6505,190.5471,6558.535,5936.169,133.5115,650.8812,1
113,2022,ulla-larkspur,11169.036,5278.26,26.3857,90.2545,40.3792,135.5227,3.4771,39.0996,,14.8355,160.4262,,69.8249,24.893,15.9893,182.6867,20.1413,2.9746,,4.7135,21.8346,3.9825,53.7697,4.9784,560.9148,5101.814,4571.296,92.9258,171.7066,1
114,2022,kestrel-emberton,10999.149,7052.788,55.6063,53.2387,51.8799,,10.0887,38.859,,5.5316,120.2142,32.394,100.1491,12.1154,6.1961,163.4033,19.8336,7.2902,,33.8376,50.9241,0.9048,24.2498,0.7732,566.2821,7266.026,6318.601,35.0243,770.7132,1
116,2022,tamsin-dunmore,8000,4800,47.612,28.796,59.0571,23.1269,15.7982,42.1005,44.1518,25.5374,28.4889,32.3892,18.5423,25.1411,58.5762,65.1255,26.4002,16.721800000000002,42.2649,72.9332,59.3414,21.0479,53.3495,13.6355,22.4546,69.6072,51.4838,55.8627,14.6517,1
117,2022,yara-zanderfell,7890.311,6048.997,,,47.568600000000004,,11.8139,,4.7754,11.1807,23.3111,14.141,,,8.7714,61.5549,4.8828,5.4481,18.7611,9.0713,36.3228,2.7158,40.5241,2.0132,197.6386,6298.156,5617.773,88.8393,102.6199,1
118,2022,zeno-hollowell,7203.307,4974.158,40.1111,104.5179,46.9146,76.0799,11.8185,,,,23.4514,35.5643,40.3112,23.9652,9.0003,101.5749,2.7412,,17.0919,,28.3523,2.2115,18.9734,3.5918,208.0343,4740.73,4796.125,56.5136,511.9124,1
119,2022,lumen-kettleby,6922.076,3961.633,36.7956,65.291,18.0175,24.5841,9.6652,13.6799,1.483,8.0376,64.4178,19.232,76.0312,4.5546,3.5495,79.5025,10.0428,3.1168,10.4728,8.8331,27.6432,2.3166,9.3824,3.0758,211.5419,4025.622,3631.666,79.2185,430.2307,1
120,2022,halle-larkspur,6482.565,4612.771,20.9431,36.1465,20.9878,68.5817,5.4333,22.5743,1.3866,,88.6814,,119.3571,12.0101,4.0045,70.6439,6.4752,3.3174,13.6108,6.5308,26.033,0.4526,14.8373,2.5496,97.7087,4707.261,4089.027,42.0049,65.6601,1
121,2022,ember-blackthorn,6163.136,4497.568,5.3672,101.8844,31.7683,,,,4.1891,4.7004,58.6071,16.9368,119.0592,10.9763,1.2505,68.6481,10.0942,2.353,9.3829,3.4189,11.6616,0.2613,15.6156,0.4401,248.2446,4652.526,4266.848,78.8267,361.3531,1
122,2022,soren-ironwood,5492.53,1739.75,20.0969,91.3953,32.1161,18.9261,9.338,,1.7888,1.4341,55.0454,4.3191,79.5198,19.3778,7.6721,38.2898,11.5295,1.7673,,8.5691,,1.7047,39.177,2.3749,71.9653,1817.372,1614.163,24.9771,372.7148,1
123,2022,tamsin-dunmore,5256,3153.6,34.5107,42.526,18.7235,45.0001,35.0206,26.3944,41.1922,9.964,27.0471,49.8533,41.8188,26.3599,36.2199,13.9439,32.1069,15.6546,22.7014,21.4569,11.6255,40.1542,47.4656,51.981,18.8861,5.8247,40.2239,51.2403,21.4272,1
124,2022,zeno-amberly,4616.242,3920.411,24.0589,52.0997,41.7676,24.0532,7.8425,8.3659,0.6885,3.875,54.8978,16.6293,75.7288,3.9161,1.4221,45.9657,,1.5712,7.9724,2.7283,22.3317,,9.4221,1.2286,213.9794,3823.351,3436.879,66.2243,258.4885,1
125,2022,bram-copperfield,3742.063,1294.709,4.7166,41.9156,,,4.1468,,,1.5791,8.5632,15.5956,24.827,1.5027,3.2847,10.4108,1.7244,2.547,5.5036,5.1534,18.4176,,6.4305,1.7425,41.9131,1258.349,1261.807,33.4335,252.2231,1
126,2022,marlo-quarrington,3497.228,3125.71,6.5639,20.4293,48.3402,27.2918,,,1.9617,3.2022,10.255,8.0232,16.6298,5.3045,,18.1267,5.654,1.989,8.7522,4.5556,9.1398,,8.1937,1.3705,187.8247,3038.439,2768.656,8.7919,142.9795,1
127,2022,kestrel-dunmore,3388.722,2332.988,8.751,29.1857,,40.2262,4.072,,2.291,3.7347,36.4255,14.7354,29.5622,5.0278,3.2263,58.0297,5.4626,,8.9381,11.1295,14.3424,0.1785,4.3931,1.6417,149.9226,2240.071,2063.949,31.3223,120.7658,1
128,2022,rhea-dunmore,3299.257,1879.957,11.5162,33.6761,47.2643,18.6904,4.5539,10.0631,2.6339,1.1529,,,27.7025,11.0865,4.2647,26.4681,5.2871,0.521,,3.3623,13.2786,,9.6162,1.5122,42.6529,1872.497,1844.839,14.8916,90.1781,1
129,2022,xavi-copperfield,2997.073,2116.96,15.873,25.3982,,36.1236,3.6327,,1.2763,3.7288,31.0199,5.0395,11.0385,9.5066,3.5121000000000002,,4.0871,,6.5933,1.281,5.4637,0.6625,10.9626,0.671,89.7483,2116.199,2087.392,12.8298,52.302,1
130,2022,ember-brightwater,2631.925,1137.43,7.0459,25.0992,26.6074,10.9067,1.2447,5.1129,1.8268,3.1322,24.9591,8.5498,9.5225,4.568,3.4798,44.781,3.841,1.5947,2.5685,5.9138,1.9834,,16.303,0.7966,42.1598,1177.799,990.274,22.1006,82.4207,1
131,2022,ulla-glenrock,2350.689,1567.02,15.7611,10.7035,27.8688,4.8414,0.8492,3.0897,0.802,0.6415,28.9547,7.2148,,3.4218,2.165,,3.5565,1.3432,,4.8321,1.5643,0.6882,8.0811,0.3079,49.4571,1509.238,1407.197,7.9349,120.1867,1
132,2022,quill-kettleby,2237.344,1869.053,12.1227,19.5995,15.3705,15.4078,3.4588,,0.5076,0.9165,24.5734,3.4728,37.6125,5.1183,2.6073,23.0208,4.721,0.758,2.9287,7.1409,7.989,0.6148,13.326,0.606,64.1781,1874.399,1726.181,14.032,25.4226,1
133,2022,soren-hollowell,2214.312,1500.321,8.9901,10.972,8.4705,17.3912,1.057,,0.9762,3.3415,12.392,11.9356,24.5471,,,14.1597,1.1601,,5.3895,3.5779,6.9363,,3.4336,1.0782,59.5033,1550.889,1420.473,6.1242,111.3274,1
134,2022,cyrus-copperfield,2011.909,1581.708,12.1316,28.3145,,21.4876,1.285,6.2118,1.1217,,15.6258,10.2996,,6.9303,2.8732,27.0096,2.682,1.1325,5.1081,2.7728,10.757,0.4053,14.0302,1.0108,43.7129,1533.926,1359.272,18.0918,38.5321,1
135,2022,lumen-underhill,1859.701,951.517,12.2382,5.6473,13.9386,19.4698,2.5912,,1.3873,1.74,7.936,5.0785,27.1797,1.1759,,18.0491,2.8898,0.6834,3.6028,6.0716,2.503,0.3117,13.1812,0.5552,28.6462,985.198,866.157,22.6165,124.7278,1
136,2022,tamsin-kettleby,1816.104,1665.467,8.836,21.8275,10.4689,20.5807,1.1971,,1.0974,0.8351,14.1202,1.8075,21.8454,,1.4506,26.7647,3.2268,0.2649,,2.1093,7.2171,,9.5093,0.2323,21.6563,1641.756,1604.178,11.8693,47.935,1
137,2022,wren-underhill,1683.423,1478.263,,6.3733,6.9017,12.0025,2.9409,,1.0325,1.7612,15.5378,3.5691,31.3551,,1.2825,,0.4873,0.4181,3.0643,4.4275,5.7211,0.5536,8.0835,0.7344,53.6802,1415.019,1443.232,16.0751,30.9238,1
138,2022,ulla-northcott,1319.358,524.962,3.147,8.0964,13.0915,13.5784,2.1379,1.0914,0.6921,0.9692,18.5024,3.788,19.9502,0.6712,,,2.4262,,0.5772,1.2674,5.2643,,6.8777,0.5385,61.3637,523.523,455.707,16.4466,67.2651,1
139,2022,rhea-vantongeren,1244.337,947.552,6.9282,15.9139,3.4909,9.8336,,,,1.1596,2.8044,,11.709,1.7307,1.3242,22.24,0.3955,0.8414,0.9057,0.9157,1.3556,0.0814,1.3695,0.276,44.2643,990.136,918.114,13.0677,46.4507,1
140,2023,marlo-zanderfell,141998.419,45342.729,862.8743,2404.682,256.4811,273.1758,151.9074,,90.7964,42.887,1907.0287,477.219,2969.0306,123.1192,,829.3713,285.3767,48.8886,144.1569,129.633,,7.195,602.054,23.615,6418.4605,44869.747,39543.939,1706.1863,4720.884,1
141,2023,calla-vantongeren,121567.219,92661.535,672.9856,2140.5188,1373.6727,1140.045,200.2514,,68.9641,60.8486,764.8524,94.6718,532.3987,283.3258,213.9695,570.8982,157.5111,75.3657,283.7491,95.6806,,20.9896,844.6938,39.4413,5566.3816,92834.653,86239.423,1293.9285,4063.2042,1
142,2023,xavi-juniper,105871.23,60445.459,472.2059,,331.5246,,141.8482,,58.4792,47.0037,698.0211,,1491.1508,335.7067,,883.682,60.4103,55.1553,113.3528,279.3291,524.4901,14.5695,562.1709,47.204,1482.6453,62798.216,59409.567,613.4762,6815.481,1
143,2023,quill-silverbrook,100576.705,65487.345,619.4844,994.038,992.5048,,164.3995,,19.4742,85.4486,1254.9708,83.6448,,91.9743,,614.63,119.1768,52.5498,252.4293,252.719,124.0659,,542.6054,16.0528,1322.3511,62583.593,57827.275,1106.7687,1475.3687,1
144,2023,yara-kettleby,35272.295,27004.05,113.4882,355.8474,174.1595,235.5901,28.8423,,20.5876,47.6261,255.0683,,177.3914,,49.563,387.3378,12.1181,14.3807,62.9217,109.8771,55.2307,3.0291,101.2484,18.9077,1173.5189,26068.576,23092.853,66.0854,2228.5595,1
145,2023,kestrel-hollowell,28617.067,12025.81,124.8645,321.7405,,120.5663,48.1181,,5.9187,10.7932,400.907,65.483,514.1436,94.9304,23.8959,375.8327,39.2413,4.7648,57.688,92.2678,,1.4517,103.8449,11.6098,758.7207,12055.546,12000.325,135.8181,1167.0664,1
146,2023,calla-northcott,27256.664,12794.067,,97.0529,,185.2467,36.4955,23.9822,21.6847,,155.5656,93.8373,,30.907,42.4673,,30.6297,10.1916,66.7987,63.8396,129.188,7.8043,106.8364,11.3887,952.9282,13037.951,11911.355,129.9197,1889.171,1
147,2023,calla-quarrington,24791.842,13770.323,38.0233,229.7376,,,40.9106,85.0541,8.6339,39.943,147.5537,62.7682,293.7734,49.064,24.8837,71.5596,39.0241,4.5441,39.8339,18.9905,22.2295,5.2633,174.4611,5.0407,664.1715,14061.671,13401.886,40.9323,1341.4909,1
148,2023,nell-ravensworth,20989.439,9730.227,88.4783,337.8618,109.9458,77.5167,31.0441,23.1921,,15.2023,157.7957,58.5362,285.6267,61.928,,183.7015,26.1084,5.5273,16.4858,22.9693,32.2549,3.2705,25.5467,4.1166,271.3047,10180.799,8954.528,89.8227,1044.1565,1
149,2023,kestrel-glenrock,17786.677,15530.94,87.5648,221.6867,34.9528,181.1126,10.8187,21.412,5.5208,29.4268,97.1037,69.8078,233.0913,24.8552,,184.9577,16.455,7.4074,,15.0879,56.9787,5.2544,112.3332,6.8525,568.1278,14847.255,13585.287,189.7874,380.5939,1
150,2023,soren-driftwood,13801.411,8988.364,93.266,166.2922,63.5091,73.7706,6.6422,44.8991,6.2197,3.2884,48.7949,57.1204,146.6855,29.2181,,137.3046,23.6349,1.7136,36.8637,10.5117,16.2699,,36.5841,6.6786,105.1368,8993.988,8478.685,82.5984,159.8495,1
151,2023,lumen-kettleby,8134.97,6966.89,48.6487,132.1959,63.6408,71.4543,4.0702,23.0532,1.3575,6.6739,43.4635,42.9925,78.9432,,12.3995,,10.0838,4.7046,10.9145,,35.4248,2.1918,27.2406,1.5534,409.5093,6947.288,6528.979,72.0026,145.6837,1
152,2023,kestrel-emberton,8126.96,6103.995,24.259,143.0714,108.6887,95.0684,2.2247,,4.5245,6.3609,104.5163,27.272,35.6507,4.3399,11.8637,47.0472,11.583,2.236,7.0822,22.7245,32.7646,1.1977,58.4633,3.6023,60.3845,6323.805,5750.023,56.7339,429.4562,1
153,2023,zeno-hollowell,6539.594,2372.349,18.8554,85.3163,,80.8086,7.0514,10.9043,2.6236,3.4651,32.8519,,140.1022,21.6482,4.9525,,1.7038,0.7066,9.394,9.898,11.8499,0.2906,28.9044,1.0789,209.8151,2278.997,2109.821,40.0942,150.7266,1
154,2023,soren-ironwood,6337.684,5766.328,45.399,,32.4645,49.1265,4.1994,,,9.7446,83.3289,31.783,64.4255,11.5255,10.4047,38.0336,10.0474,1.2614,,20.134,4.422,0.3516,22.7722,0.4651,151.4421,5744.16,5362.522,76.1493,169.9518,1
155,2023,ember-blackthorn,5921.295,3028.49,23.1739,104.2519,66.2889,47.6014,3.9068,,,7.0391,44.2396,19.6958,93.0535,6.0185,10.2148,34.9416,3.674,1.3481,1.8469,13.3457,8.1836,0.54,27.889,2.6108,67.7713,3030.743,2836.606,82.8355,236.7114,1
156,2023,zeno-amberly,5374.245,3108.841,,46.6612,17.343,23.049,3.0792,8.8528,4.2372,9.3425,62.9998,3.9686,103.7009,,4.2882,81.0774,,2.354,9.8042,6.4526,20.5198,1.4876,22.0804,2.3926,72.8121,2963.873,2736.491,19.2729,371.4617,1
157,2023,bram-copperfield,4768.126,4390.474,12.0557,78.5782,17.4506,39.2991,1.2984,2.3374,,5.2668,41.2446,8.3979,87.2463,4.4775,7.5747,38.332,5.7891,1.4718,,2.689,4.0593,0.7814,21.613,2.0836,224.8664,4357.756,3793.235,54.3777,50.0006,1
158,2023,tamsin-dunmore,4577.705,2942.993,21.2457,22.334,17.2827,14.125,,,1.9426,8.1278,27.6516,16.1468,32.3884,10.5758,1.6288,55.1342,3.2816,3.2397,,10.5961,14.966,1.2422,23.0771,2.2876,169.0675,2907.378,2729.606,25.4761,278.2518,1
159,2023,halle-larkspur,4242.913,3500.975,14.9035,36.435,26.8841,27.5497,5.6331,4.4225,2.4641,2.0311,47.568,19.2784,89.9699,4.1458,2.8839,69.4395,2.0159,,6.233,10.9197,21.5562,1.357,11.5021,1.1552,75.9629,3406.254,3485.91,25.543,64.0502,1
160,2023,marlo-quarrington,3520.844,2213.205,3.5657,50.1481,40.0163,39.331,1.9492,,0.8129,5.9799,44.04,14.294,,2.8677,4.8454,32.493,0.9593,1.699,3.958,2.8337,,0.9761,14.2782,1.2834,109.9828,2195.066,2066.206,34.3487,240.6389,1
161,2023,kestrel-dunmore,3514.684,2705.974,11.1965,43.9478,22.3633,14.0419,2.4546,,2.2756,,,2.4041,13.0549,3.9932,4.6374,39.6608,4.702,1.053,4.2943,,,0.8036,8.6155,0.6507,81.8863,2789.704,2337.061,10.3942,135.2428,1
162,2023,soren-hollowell,3448.101,2373.823,15.4004,,35.5203,15.0125,2.4507,,2.1064,3.9306,23.2854,10.9272,,4.897,3.5118,52.554,5.9344,1.0869,5.7549,,,,22.2561,1.5009,55.8718,2295.923,2329.315,17.638,44.5838,1
163,2023,rhea-dunmore,3177.449,2561.964,20.3306,32.7707,9.8781,33.0254,,,2.768,4.0022,,6.4403,45.4487,2.4307,4.2034,15.1649,1.0893,2.1153,3.4706,6.1363,11.6044,0.5224,22.7412,0.6424,164.8104,2524.369,2496.308,20.1007,27.6516,1
164,2023,ember-brightwater,2482.712,901.226,12.8208,,35.6966,17.1836,,,0.6011,2.7781,5.3731,9.1072,36.014,2.3384,4.3023,22.8695,1.176,1.2479,4.6601,5.5948,4.7294,0.8793,12.6344,0.6178,129.3793,862.181,900.958,10.9808,25.5206,1
165,2023,wren-underhill,2435.78,1369.633,2.3184,17.2528,,23.5048,3.2059,,,0.7771,28.0549,8.8417,25.2745,8.3985,3.0493,20.0922,3.9859,0.2663,0.9038,3.3505,11.6827,0.1599,3.8483,0.7792,94.3664,1349.19,1209.368,10.4433,26.8497,1
166,2023,cyrus-copperfield,2413.338,1426.711,5.3054,19.6061,33.0047,18.1704,2.4328,,1.0902,2.3275,19.5995,3.6446,25.508,4.8585,3.3123,9.3628,4.9093,0.4221,3.5546,6.6681,7.7116,0.8665,12.6935,0.3164,39.6151,1475.165,1364.452,13.0766,25.1465,1
167,2023,quill-kettleby,2311.873,1286.616,9.583,10.9637,22.4363,5.0823,4.0247,,,,32.7274,11.5801,41.4594,2.4806,,18.7261,3.8846,1.4388,5.8569,3.3672,3.6933,0.4131,10.9684,0.2992,99.1999,1311.446,1154.148,17.9571,84.3314,1
168,2023,ulla-northcott,1863.97,1630.046,4.7875,22.8268,26.4451,,1.8402,1.409,0.968,,12.9743,1.7223,,1.2484,,3.8889,2.9527,1.178,1.3074,3.9708,4.9469,0.2644,11.3413,0.8537,68.2073,1710.207,1414.519,21.7656,124.2997,1
169,2023,rhea-vantongeren,1364.82,1152.506,,21.4784,4.8394,,0.966,1.7905,0.1688,1.3532,14.4483,6.1313,24.2136,4.7257,2.3005,6.077,,0.36870000000000003,0.8168,2.2584,,0.2153,4.7053,0.3722,37.6294,1102.639,990.308,8.4383,14.186,1
170,2024,marlo-zanderfell,182181.173,76539.545,360.8089,2589.2694,1949.9752,1671.8319,264.8554,343.3073,156.1245,67.8881,660.3526,,442.7761,285.1012,51.1711,460.0009,223.8639,48.6848,392.2145,382.8941,977.4667,27.706,599.6566,39.1359,3880.0704,77169.122,70575.554,590.1762,9861.5306,1
171,2024,xavi-juniper,140799.834,78229.199,256.0413,2291.2859,1227.4353,554.7235,,473.6541,,,1750.854,643.347,2371.2148,130.4802,,1561.6049,147.5133,,298.6833,253.2182,346.0663,36.14,499.7036,63.2187,5755.9426,77730.06,69756.474,426.5769,6896.7249,1
172,2024,calla-vantongeren,134062.493,125384.899,145.2688,,674.0471,1418.1561,142.6912,430.6976,27.3491,85.097,575.7058,334.6542,2850.6405,380.1721,125.6404,1137.4856,50.6772,76.3015,338.1489,401.3769,507.3433,19.2482,161.0332,42.1232,1589.0306,126390.908,121487.881,1221.916,8509.217,1
173,2024,quill-silverbrook,101657.059,55850.437,302.848,941.0764,495.262,482.7374,50.1469,,57.4063,64.1072,965.6102,376.2614,855.3544,332.462,90.2268,598.2861,73.2186,47.3357,143.0889,,,26.9449,366.6978,10.9786,3979.7153,53491.816,51119.251,1073.9171,2890.2943,1
174,2024,yara-kettleby,39759.575,16391.166,229.1479,353.7928,205.5,102.2557,68.6956,21.2295,,,436.9383,127.5715,151.2009,72.0524,50.0293,387.5591,26.7972,9.7239,21.9247,94.0066,122.5105,8.4834,198.2653,3.597,505.723,16399.668,14921.589,539.8567,2241.1414,1
175,2024,calla-northcott,25643.943,12115.392,131.6352,124.0906,228.6723,,12.5733,,13.6233,6.7573,,124.7989,237.7919,89.1154,29.0658,145.7749,,4.3819,42.2214,66.1724,,7.2856,181.3988,4.7504,977.3909,11636.927,10678.858,209.906,1406.2559,1
176,2024,calla-quarrington,23717.595,15609.151,85.4047,95.823,87.681,220.1521,31.4584,,16.4028,17.9302,101.2686,62.3334,146.8354,,24.426,211.4289,42.9759,3.8113,,10.8501,80.8705,7.3513,65.6357,1.5342,1265.2004,15212.031,14159.351,142.4968,247.0882,1
177,2024,kestrel-glenrock,21097.843,6967.45,47.8651,326.2863,237.7393,132.6594,22.1672,,11.7332,26.4032,,113.6248,165.5605,68.4535,,302.0279,21.1343,7.4541,,27.1493,109.8319,2.2988,30.4159,10.6112,430.8223,7208.242,6215.137,37.9044,1413.4875,1
178,2024,soren-driftwood,18313.742,12734.727,43.1977,,167.1365,37.7194,30.5476,25.3617,10.3969,13.7541,34.9934,,,,4.9968,138.0506,7.563,5.9661,,47.3744,59.3142,,73.519,6.1714,516.2055,12342.868,11139.874,118.0442,761.0074,1
179,2024,nell-ravensworth,17210.136,6262.815,80.1869,209.7538,229.921,,27.1861,27.3373,3.9274,13.2645,175.1413,49.8997,71.5599,61.6755,30.0299,298.1537,17.8876,11.8914,33.6165,6.9941,46.155,5.9442,119.589,1.5888,126.9638,6458.653,5604.276,66.7812,498.5097,1
180,2024,ulla-larkspur,14774.682,5324.241,37.2622,192.7168,61.8928,120.3462,14.2885,43.3881,1.8758,13.3182,154.2589,14.8195,156.2235,26.1608,,219.3978,21.5103,4.8377,6.752,32.4596,56.2369,4.4525,23.7559,1.6947,584.545,5528.294,5142.758,31.4448,934.6114,1
182,2024,kestrel-emberton,9247.282,6591.835,41.8673,111.7712,,27.7641,7.8202,,4.6873,5.3312,24.3508,48.1719,62.568600000000004,11.4089,11.4649,115.8794,10.1406,3.3935,16.8649,23.6877,37.9343,1.5015,52.9665,3.5897,154.4172,6427.38,5909.711,69.4107,411.2949,1
183,2024,yara-zanderfell,9064.682,5445.847,,125.4977,,,6.1998,,5.1349,,82.6547,27.6257,88.7853,7.975,8.2632,52.9566,10.5227,2.7085,16.5979,15.6635,,,30.9946,0.7748,432.5131,5264.204,5346.909,105.58,86.3902,1
184,2024,zeno-hollowell,8485.408,7161.437,18.9295,56.1274,111.2893,,5.5272,,3.6123,3.9614,60.145,31.2777,,,5.013,75.0633,2.175,1.9954,9.808,8.9879,45.1499,2.0907,31.7627,3.1828,305.1891,7367.305,6987.062,77.6342,593.3236,1
185,2024,soren-ironwood,7129.315,6064.178,26.8903,68.259,30.4247,87.6003,6.017,,5.4828,11.7909,66.3151,21.9099,64.7684,,6.7219,53.806,9.7031,,5.7453,13.6189,,0.8677,31.34,0.7682,371.8589,6190.594,5279.282,64.1473,261.3711,1
186,2024,ember-blackthorn,7014.463,5975.801,30.0655,61.4835,77.9649,79.2416,,9.2593,6.0374,8.4147,68.8082,36.2572,46.506100000000004,,2.4351,25.5603,11.7584,1.0079,13.7311,19.8447,,,20.6233,2.5256,176.9758,5936.115,5890.47,95.4796,189.6495,1
187,2024,tamsin-dunmore,6323.825,4993.255,18.68,99.056,,54.6947,4.3595,,0.8713,8.4005,11.8835,17.0002,17.5025,10.3514,4.5014,,11.9126,1.3385,10.203,16.4848,17.6238,0.7021,27.702,1.0249,94.8613,4789.276,4629.121,44.0247,115.2398,1
188,2024,halle-larkspur,5586.896,2809.437,,60.3085,58.2401,60.0662,9.186,5.4311,4.0353,5.4522,21.4468,,35.6539,17.3733,8.6286,49.4957,,3.084,9.8117,2.2138,,1.9118,30.0489,1.6276,95.5905,2772.028,2707.172,26.0077,84.2041,1
189,2024,zeno-amberly,5449.522,4896.223,22.3939,71.3437,13.6505,44.5471,,14.3721,,,56.2043,18.8933,101.0108,4.5728,,31.5715,,1.3534,,9.2703,13.4136,,14.5025,2.4352,39.9391,5091.214,4605.58,41.5049,371.7434,1
190,2024,jory-thistlewood,4112.862,3196.841,6.1813,10.6554,48.3753,39.0797,2.7485,,,5.1494,34.7158,11.1959,36.9491,7.3353,7.3104,71.4117,8.2365,1.5047,9.5156,8.3022,3.7946,1.0315,23.4973,1.2927,182.5286,3157.884,2906.862,16.4875,77.083,1
191,2024,marlo-quarrington,3706.124,2854.887,20.8564,,43.6016,17.549,1.5008,6.332,1.882,,,18.1932,,,6.0923,,5.8511,1.5122,4.6873,3.8841,8.7187,0.4607,22.7292,1.1319,71.9214,2887.854,2813.034,32.4838,133.0348,1
192,2024,rhea-dunmore,3620.605,3164.369,10.3057,24.052,5.8885,28.167,4.4379,9.3259,1.7263,5.9838,41.5744,,52.2798,11.7187,4.9712,48.0838,3.6905,1.7761,1.3801,,19.374,0.9199,5.8696,1.5111,192.975,3284.087,2893.652,11.1616,43.1378,1
193,2024,soren-hollowell,3501.803,3186.896,20.4803,18.5164,,40.1176,3.5714,5.6139,0.8512,1.6922,40.3682,4.9855,55.1663,,0.9131,,2.1571,1.6262,6.1117,,4.4052,0.6057,7.5691,1.7272,80.1044,3287.609,3054.903,10.6773,54.4497,1
194,2024,kestrel-dunmore,2819.311,1182.234,11.168,14.2077,21.2618,23.626,1.5117,,2.2715,3.7197,16.1718,7.3887,,,,5.7569,3.9393,1.3083,,4.6613,6.0105,,9.4376,1.0255,149.7244,1226.047,1171.273,14.5226,61.2578,1
195,2024,xavi-copperfield,2647.695,1354.689,14.255,,8.8745,18.4822,2.7708,,,3.7049,11.0606,,,7.3371,2.7642,43.8299,,1.3676,1.6679,,4.7354,0.8846,17.8077,0.9451,121.356,1395.586,1164.535,5.9748,156.7838,1
196,2024,cyrus-copperfield,2204.828,1545.4,15.0358,28.3297,26.969,6.7888,3.3616,,,3.6635,20.8458,4.8209,22.6032,,1.4573,22.9104,3.0662,1.2921,3.5516,5.3471,3.3067,0.1716,15.6352,0.6583,40.7941,1478.135,1368.315,9.1298,41.7422,1
197,2024,quill-kettleby,1977.418,1371.253,3.0863,,27.6648,23.5738,0.4023,3.2707,1.3964,,8.7691,2.0551,31.829,1.6792,2.2832,20.7984,3.8058,0.6066,,6.5072,7.0683,0.3081,11.1759,0.746,104.6636,1436.128,1278.553,5.9237,113.489,1
198,2024,wren-underhill,1951.667,1164.111,,11.3858,15.8843,,3.0076,,0.8154,1.5867,14.3109,,23.3059,4.9793,3.3257,34.7775,,1.1413,2.3403,1.7858,,0.6533,2.8078,0.6472,82.4675,1113.698,990.342,16.2504,108.6136,1
199,2024,lumen-underhill,1877.513,1022.987,3.8732,8.3352,8.1541,6.968,1.4591,6.6587,1.4128,1.5293,17.8084,1.8873,38.1796,2.176,0.7965,22.7341,2.7405,,4.7727,1.3604,5.2336,0.4191,11.5443,0.9433,30.0367,972.682,958.809,21.9823,110.1573,1
200,2024,ulla-northcott,1483.562,1095.898,9.8811,9.662,3.7651,4.2802,0.3809,0.7753,0.4543,1.9059,16.0821,2.557,17.9096,3.7908,0.9256,13.5348,2.2795,0.9179,1.5664,,7.793,0.4908,1.4442,0.6366,8.993,1091.559,974.946,5.5076,59.8979,1
201,2024,rhea-vantongeren,1359.934,671.904,2.3319,11.1814,10.3888,,1.9882,,0.9167,1.6337,18.6666,3.302,,3.4447,1.4103,16.5931,,0.4842,1.5994,3.2802,3.3964,,1.1781,0.2907,31.0998,647.614,593.006,16.3301,36.3609,1
202,2025,marlo-zanderfell,211224.056,196407.733,752.4462,2144.7951,,437.2115,276.101,390.4713,78.2856,91.8296,1085.9326,342.7815,1234.6383,473.2462,222.6233,1874.655,426.5574,106.0343,384.112,586.2457,1030.9106,50.6624,781.2052,49.8284,10027.0725,195664.045,182324.432,2158.0891,10978.4628,1
203,2025,xavi-juniper,151924.166,134511.446,665.2431,1899.2415,1104.8707,,175.9486,334.921,120.0793,,,818.921,2853.9291,,45.5832,544.0049,63.16,92.1114,,440.2621,,22.0993,655.2804,29.9519,1656.7245,135955.671,118478.019,894.8053,7546.9911,1
204,2025,calla-vantongeren,151219.989,98927.988,220.25,2234.0941,,410.4942,117.0301,,51.6052,82.9705,281.9452,557.2075,747.5765,530.7247,31.5717,1002.2991,226.7758,43.2011,397.2261,110.8674,599.4686,,457.3378,20.9145,1039.3542,99950.489,85194.954,1026.352,5171.5585,1
205,2025,quill-silverbrook,107417.852,71476.792,,244.4811,1448.9296,,41.9241,370.1439,12.6481,,1181.4871,387.1987,1084.4954,,,1148.2204,123.7167,28.9648,146.8622,107.7174,516.8296,37.4604,392.2237,23.4066,1157.5885,72312.85,63522.303,918.1381,2548.4271,1
206,2025,kestrel-hollowell,41500.08,22840.915,193.182,556.2512,238.2458,391.4559,,103.2563,16.6185,25.0109,363.2672,38.6433,,,26.7199,,37.5925,3.5908,21.2687,108.4239,32.518,3.1555,93.6855,11.6687,300.8235,22393.204,22315.958,574.8089,2083.8171,1
207,2025,yara-kettleby,39405.057,32147.07,150.6493,81.2452,,400.3365,,116.2543,34.6112,25.4662,,180.3724,521.7544,95.4502,17.9113,137.3515,22.7127,25.129,22.5056,48.8142,34.851,6.7081,180.674,5.1552,1037.1072,32153.381,27667.199,175.0012,1903.7368,1
208,2025,calla-northcott,34988.666,31076.23,137.5967,488.663,368.2781,167.3929,9.4653,23.8619,,25.9163,460.3124,49.7156,,100.2906,18.8584,301.9991,25.4031,,44.6128,97.6024,31.9416,7.5294,30.2234,9.7037,1141.5801,30301.905,27181.35,143.2289,741.5449,1
209,2025,kestrel-glenrock,27273.868,18383.017,132.1717,206.748,,307.9645,47.643,35.0955,21.255,17.6644,,101.5094,524.6686,69.0641,39.3373,442.7989,31.7833,4.7668,57.4729,,26.3116,5.3483,48.9928,6.4287,1362.2299,18469.538,17244.198,249.8055,1444.5081,1
210,2025,calla-quarrington,25116.932,15036.746,83.5464,447.3136,103.7466,159.1978,20.4919,,19.7679,34.9126,,45.1777,,19.5393,44.7359,349.7716,38.5358,4.7487,47.5163,35.5606,,1.1156,99.0543,8.6371,947.5067,14526.874,13197.625,110.1741,1395.2175,1
211,2025,ulla-larkspur,23107.374,7987.664,,134.519,165.7631,88.7877,9.1136,,13.2645,9.652,284.1938,16.4342,442.4822,45.674,12.3963,219.0636,27.97,12.0314,,29.5497,20.1163,6.1584,28.003,6.3241,1184.1084,7883.772,7319.38,320.1034,1346.915,1
212,2025,nell-ravensworth,22226.67,10760.84,,215.3407,123.646,235.6952,24.0596,,17.1597,18.5847,101.2845,31.1697,86.8002,45.9406,20.3243,246.4548,40.8353,12.8507,32.8541,,106.1602,5.0443,38.442,5.6566,240.9165,10983.951,10139.673,227.2514,1529.7198,1
213,2025,soren-driftwood,19269.979,16547.154,98.4912,174.3138,177.0195,38.4493,10.7307,34.4684,5.894,13.9523,267.8698,45.913,,14.0025,27.5682,84.511,10.3916,6.8233,,63.161,,3.4608,113.9393,7.3192,909.1634,16066.062,14709.32,101.228,865.4128,1
214,2025,yara-zanderfell,13650.568,4928.334,76.7233,,134.9449,,15.877,,8.4726,6.2497,59.727,,37.6617,,8.1493,158.1938,15.8,6.4647,35.4507,44.4784,14.896,4.4884,76.4398,3.6899,264.138,4792.926,4685.022,47.5032,595.1367,1
215,2025,lumen-kettleby,10713.203,4578.999,42.4356,90.5722,146.475,,9.9778,,5.8749,16.7502,,38.1914,,20.0222,6.6728,48.9334,16.9159,1.0476,26.5333,29.4236,50.3641,2.5044,63.9726,2.6222,427.0415,4799.102,4354.318,29.89,623.701,1
216,2025,zeno-hollowell,9282.669,6354.451,62.9452,87.5144,26.3806,83.7182,13.1813,,5.3502,8.0887,32.6015,12.4204,34.472,21.749,16.5472,143.8078,8.2409,5.895,7.4133,23.6648,,2.2855,23.0787,1.9315,107.5512,6532.586,5417.729,42.9709,384.2892,1
217,2025,ember-blackthorn,6982.14,3980.612,32.9519,35.523,38.4261,48.6446,12.0499,10.5091,3.219,3.8068,35.5934,28.898,18.4573,20.7442,7.9146,,,1.5003,,4.1904,,2.3828,22.1194,0.8929,224.3766,4078.905,3915.019,97.3564,211.8462,1
218,2025,soren-ironwood,6366.567,4924.222,,64.6956,19.8224,,4.2509,16.8736,3.6557,10.1667,54.8546,,76.408,,11.3005,46.4238,10.6954,4.1854,16.3941,3.5388,12.9239,1.171,26.4578,0.4966,136.3498,5146.049,4211.196,48.7737,254.6082,1
219,2025,jory-thistlewood,5987.744,2779.947,26.7198,,27.2485,34.3568,6.5273,10.2217,4.3861,8.0761,22.4016,20.2754,126.9593,3.038,10.4424,87.5859,11.4222,1.132,3.455,9.1799,9.7412,,19.5232,2.6611,318.6969,2697.13,2630.934,52.843,100.8777,1
220,2025,halle-larkspur,5744.517,3979.655,,35.4435,40.5044,36.3265,5.1374,,3.8675,,50.9839,,,8.5589,6.5354,,,2.7679,6.142,16.8107,5.4348,1.5309,15.2268,3.0684,84.8117,4038.79,3476.063,29.6556,70.9291,1
221,2025,tamsin-dunmore,5624.566,3120.276,27.0164,91.4689,72.4601,27.5246,1.4578,17.359,3.8605,1.5012,41.5628,20.0001,111.6284,19.3913,,75.3442,8.3658,1.7054,1.8413,,,1.3849,6.9324,1.1618,58.8787,3179.385,2665.96,52.9794,58.357,1
222,2025,bram-copperfield,5498.719,5205.234,29.8822,15.9881,63.6817,47.5226,3.1319,3.9487,3.0688,8.5643,44.4886,23.3314,,8.7774,,96.8323,3.1774,0.9675,13.4341,13.7021,27.6985,,4.6624,2.4776,218.2415,5307.69,4588.307,44.6353,177.6333,1
223,2025,zeno-amberly,5430.469,2830.396,,76.2602,14.7091,19.4988,4.8792,,2.5754,1.3731,,20.0499,92.0421,14.7468,5.6207,26.159,8.4736,,10.8896,11.9649,18.1347,1.9382,24.3338,0.8348,89.4187,2957.197,2602.942,65.0395,378.1456,1
224,2025,xavi-copperfield,3655.571,3464.64,8.1323,57.073,49.1917,17.8948,3.3477,,0.5713,3.0696,12.5895,2.9179,14.9128,11.2609,3.1947,,,0.8569,9.7735,7.0666,10.2992,0.761,3.6349,1.6013,185.7632,3553.683,3315.251,16.5605,258.2809,1
225,2025,quill-kettleby,3011.699,1271.555,20.6337,10.7193,8.8406,21.1375,4.3266,10.0559,0.6939,3.2819,31.3082,2.7663,22.7096,4.7009,1.4912,33.004,4.8573,1.91,0.9202,9.1751,15.5839,0.9177,14.5867,0.2417,156.9875,1238.742,1175.551,38.5946,164.9131,1
226,2025,cyrus-copperfield,2973.291,1878.351,8.7385,46.5486,20.012,16.3603,2.3648,,2.2444,3.2399,17.6458,,27.8633,3.9866,2.5911,,1.2512,0.4604,5.0912,5.3638,13.4479,0.3575,10.9469,0.915,61.8234,1926.184,1807.309,14.389,61.678,1
227,2025,lumen-underhill,2416.112,874.623,15.8016,18.1601,5.1748,30.1579,1.3009,,1.6045,1.9905,20.8373,,51.8335,4.866,,27.938,1.8319,1.4311,0.9698,8.1925,9.959,0.6284,14.9714,0.4985,30.0128,891.741,807.022,13.0851,31.7997,1
228,2025,ulla-glenrock,2321.714,1265.862,3.9383,10.9657,19.5565,10.7116,2.5044,,1.7907,1.4619,12.6466,,42.6807,2.6974,1.382,38.7141,2.8694,,5.7354,5.7227,3.0149,,13.9553,0.1909,29.2461,1225.718,1261.766,19.019,56.6637,1
229,2025,tamsin-kettleby,2011.811,1736.838,5.2837,15.1657,13.067,24.2512,,,,1.5894,,7.6373,22.4141,4.1555,,,0.9925,0.7886,2.5104,5.6726,10.4018,0.7085,10.9396,1.0243,104.7207,1697.868,1543.557,5.7933,88.1554,1
230,2025,ulla-northcott,1702.59,701.409,,29.8232,15.5822,18.6156,0.3717,,0.5584,2.4802,,8.1182,16.1923,4.1843,,9.7544,2.4631,1.1424,3.8715,1.02,3.0358,0.2689,2.1043,0.883,84.7214,719.773,604.248,18.3379,95.5692,1
231,2025,rhea-vantongeren,,633.817,7.0378,7.412,15.2605,12.206,1.7667,3.5898,1.0075,1.5924,13.9175,6.5242000000000004,16.8417,4.789,1.672,10.5565,1.9741,0.752,,2.3327,5.4542,0.4217,3.1927,0.1587,37.0519,615.761,590.793,2.5246,58.6401,1
