taxable_year,bracket,row_num,all_returns,ca_agi,taxable_income,total_tax
2016,5m_plus,61,9511,155429774000,141970436000,17036452000
2017,5m_plus,53,8846,141759879000,122166333000,14659960000
2018,5m_plus,45,9338,155579353000,145910274000,17509233000
2019,5m_plus,37,10265,168119407000,128538348000,15424602000
2020,5m_plus,29,9137,147497128000,135635029000,16276203000
2021,5m_to_10m,20,9298,66742434000,51139051000,6136686000
2021,10m_plus,21,5579,168561226000,155341910000,19417739000
2022,5m_to_10m,11,10685,74135479000,57319044000,6878285000
2022,10m_plus,12,6411,195219573000,171133315000,21391664000
