date,forbes_id,forbes_name,state,country_citizenship,source,industries,forbes_worth,forbes_public_worth,forbes_private_worth,sec_cik
2019-12-31,marlo-zanderfell,Marlo Zanderfell,California,United States,software,Technology,160000,,,
2019-12-31,calla-vantongeren,Calla Vantongeren,California,United States,semiconductors,Technology,120000,33480,86520,
2019-12-31,xavi-juniper,Xavi Juniper,California,United States,online marketplace,Technology,95000,63460,31540,
2019-12-31,quill-silverbrook,Quill Silverbrook,California,United States,software,Technology,90000,37170,52830,
2019-12-31,kestrel-dunmore,Kestrel Dunmore,California,United States,software,Technology,35515.8,17189.6,18326.2,
2019-12-31,lumen-kettleby,Lumen Kettleby,California,United States,private equity,Finance & Investments,29900.3,19674.4,10225.9,
2019-12-31,halle-larkspur,Halle Larkspur,California,United States,hedge funds,Finance & Investments,24082.7,17869.4,6213.3,
2019-12-31,xavi-copperfield,Xavi Copperfield,California,United States,semiconductors,Technology,22980,11650.9,11329.1,
2019-12-31,ulla-larkspur,Ulla Larkspur,California,United States,medical devices,Healthcare,18402.1,12090.2,6311.9,
2019-12-31,yara-zanderfell,Yara Zanderfell,California,United States,streaming,Media & Entertainment,12432.9,7621.4,4811.5,
2019-12-31,kestrel-glenrock,Kestrel Glenrock,California,United States,semiconductors,Technology,10451,8674.3,1776.7,
2019-12-31,jory-thistlewood,Jory Thistlewood,California,United States,semiconductors,Technology,7195,5734.4,1460.6,
2019-12-31,kestrel-emberton,Kestrel Emberton,California,United States,software,Technology,6703,4765.8,1937.2,
2019-12-31,soren-hollowell,Soren Hollowell,California,United States,private equity,Finance & Investments,6188.6,3465.6,2723,
2019-12-31,tamsin-kettleby,Tamsin Kettleby,California,United States,hedge funds,Finance & Investments,5358.1,546.5,4811.6,
2019-12-31,marlo-quarrington,Marlo Quarrington,California,United States,medical devices,Healthcare,4828.5,,,
2019-12-31,wren-underhill,Wren Underhill,Nevada,United States,software,Technology,4000,644,3356,
2019-12-31,zeno-hollowell,Zeno Hollowell,California,United States,medical devices,Healthcare,3517.7,608.6,2909.1,
2019-12-31,zeno-driftwood,Zeno Driftwood,California,United States,athletic apparel,Fashion & Retail,3355.7,2302,1053.7,
2019-12-31,ulla-glenrock,Ulla Glenrock,California,United States,online marketplace,Technology,3076.4,,,
2019-12-31,zeno-amberly,Zeno Amberly,California,United States,software,Technology,2766.4,2108,658.4,
2019-12-31,soren-ironwood,Soren Ironwood,California,United States,software,Technology,2576.2,67,2509.2,
2019-12-31,soren-driftwood,Soren Driftwood,,United States,software,Technology,2500,1685,815,
2019-12-31,ember-blackthorn,Ember Blackthorn,California,United States,software,Technology,2270.3,603.9,1666.4,
2019-12-31,bram-copperfield,Bram Copperfield,California,United States,sports team,Sports,1800,,,
2019-12-31,ulla-northcott,Ulla Northcott,California,United States,investments,Diversified,1091.9,61.1,1030.8,
2019-12-31,ember-brightwater,Ember Brightwater,California,United States,private equity,Finance & Investments,1087.8,729.9,357.9,
2020-12-31,calla-vantongeren,Calla Vantongeren,California,United States,semiconductors,Technology,148949.8,41557,107392.8,
2020-12-31,xavi-juniper,Xavi Juniper,California,United States,online marketplace,Technology,121887.5,81420.9,40466.6,
2020-12-31,quill-silverbrook,Quill Silverbrook,California,United States,software,Technology,113981.3,47074.3,66907,
2020-12-31,marlo-zanderfell,Marlo Zanderfell,California,United States,software,Technology,113014.4,39555,73459.4,
2020-12-31,lumen-kettleby,Lumen Kettleby,California,United States,private equity,Finance & Investments,40453.2,26618.2,13835,
2020-12-31,kestrel-dunmore,Kestrel Dunmore,California,United States,software,Technology,40286.5,19498.7,20787.8,
2020-12-31,halle-larkspur,Halle Larkspur,California,United States,hedge funds,Finance & Investments,31328.1,23245.5,8082.6,
2020-12-31,xavi-copperfield,Xavi Copperfield,California,United States,semiconductors,Technology,24928.8,12638.9,12289.9,
2020-12-31,ulla-larkspur,Ulla Larkspur,California,United States,medical devices,Healthcare,20735.4,13623.2,7112.2,
2020-12-31,yara-zanderfell,Yara Zanderfell,California,United States,streaming,Media & Entertainment,17184.1,10533.9,6650.2,
2020-12-31,jory-thistlewood,Jory Thistlewood,California,United States,semiconductors,Technology,10207,8135,2072,
2020-12-31,kestrel-glenrock,Kestrel Glenrock,California,United States,semiconductors,Technology,8015.8,6653.1,1362.7,
2020-12-31,marlo-quarrington,Marlo Quarrington,California,United States,medical devices,Healthcare,7375.3,6099.4,1275.9,
2020-12-31,tamsin-kettleby,Tamsin Kettleby,California,United States,hedge funds,Finance & Investments,6037.8,615.9,5421.9,
2020-12-31,kestrel-emberton,Kestrel Emberton,California,United States,software,Technology,5213.9,3707.1,1506.8,
2020-12-31,zeno-driftwood,Zeno Driftwood,California,United States,athletic apparel,Fashion & Retail,5102.6,3500.4,1602.2,
2020-12-31,ulla-glenrock,Ulla Glenrock,California,United States,online marketplace,Technology,4561.2,2736.7,1824.5,
2020-12-31,soren-hollowell,Soren Hollowell,California,United States,private equity,Finance & Investments,4320.7,2419.6,1901.1,
2020-12-31,zeno-hollowell,Zeno Hollowell,California,United States,medical devices,Healthcare,3790.2,655.7,3134.5,
2020-12-31,wren-underhill,Wren Underhill,Nevada,United States,software,Technology,3536.9,569.4,2967.5,
2020-12-31,ember-blackthorn,Ember Blackthorn,California,United States,software,Technology,3223,857.3,2365.7,
2020-12-31,soren-driftwood,Soren Driftwood,,United States,software,Technology,3070.1,2069.2,1000.9,
2020-12-31,bram-copperfield,Bram Copperfield,California,United States,sports team,Sports,2582.4,,,
2020-12-31,zeno-amberly,Zeno Amberly,California,United States,software,Technology,2193.2,1671.2,522,
2020-12-31,soren-ironwood,Soren Ironwood,California,United States,software,Technology,2071,53.8,2017.2,
2020-12-31,ulla-northcott,Ulla Northcott,California,United States,investments,Diversified,1504.6,84.3,1420.3,
2020-12-31,ember-brightwater,Ember Brightwater,California,United States,private equity,Finance & Investments,1019.6,684.2,335.4,
2021-12-31,calla-vantongeren,Calla Vantongeren,California,United States,semiconductors,Technology,164638.8,45934.2,118704.6,
2021-12-31,xavi-juniper,Xavi Juniper,California,United States,online marketplace,Technology,158423,105826.6,52596.4,
2021-12-31,marlo-zanderfell,Marlo Zanderfell,California,United States,software,Technology,149614.1,52364.9,97249.2,
2021-12-31,quill-silverbrook,Quill Silverbrook,California,United States,software,Technology,97391.7,40222.8,57168.9,
2021-12-31,kestrel-dunmore,Kestrel Dunmore,California,United States,software,Technology,55929.1,27069.7,28859.4,
2021-12-31,lumen-kettleby,Lumen Kettleby,California,United States,private equity,Finance & Investments,51001.9,33559.3,17442.6,
2021-12-31,halle-larkspur,Halle Larkspur,California,United States,hedge funds,Finance & Investments,33853.2,25119.1,8734.1,
2021-12-31,xavi-copperfield,Xavi Copperfield,California,United States,semiconductors,Technology,30024.3,15222.3,14802,
2021-12-31,ulla-larkspur,Ulla Larkspur,California,United States,medical devices,Healthcare,27732.8,18220.4,9512.4,
2021-12-31,tamsin-dunmore,Tamsin Dunmore,California,United States,real estate,Real Estate,17284,11009.9,6274.1,
2021-12-31,yara-zanderfell,Yara Zanderfell,California,United States,streaming,Media & Entertainment,15408.4,9445.3,5963.1,
2021-12-31,lumen-underhill,Lumen Underhill,California,United States,software,Technology,13525,8358.5,5166.5,
2021-12-31,jory-thistlewood,Jory Thistlewood,California,United States,semiconductors,Technology,13490.8,10752.2,2738.6,
2021-12-31,marlo-quarrington,Marlo Quarrington,California,United States,medical devices,Healthcare,8831.1,7303.3,1527.8,
2021-12-31,kestrel-glenrock,Kestrel Glenrock,California,United States,semiconductors,Technology,7528,6248.2,1279.8,
2021-12-31,kestrel-emberton,Kestrel Emberton,California,United States,software,Technology,6280.6,4465.5,1815.1,
2021-12-31,zeno-driftwood,Zeno Driftwood,California,United States,athletic apparel,Fashion & Retail,5226.5,3585.4,1641.1,
2021-12-31,tamsin-kettleby,Tamsin Kettleby,California,United States,hedge funds,Finance & Investments,4804.4,490,4314.4,
2021-12-31,soren-hollowell,Soren Hollowell,California,United States,private equity,Finance & Investments,4781.9,2677.9,2104,
2021-12-31,bram-copperfield,Bram Copperfield,California,United States,sports team,Sports,4700.7,,,
2021-12-31,ulla-glenrock,Ulla Glenrock,California,United States,online marketplace,Technology,4508.1,2704.9,1803.2,
2021-12-31,soren-driftwood,Soren Driftwood,,United States,software,Technology,3515.5,2369.4,1146.1,
2021-12-31,zeno-hollowell,Zeno Hollowell,California,United States,medical devices,Healthcare,3428.2,593.1,2835.1,
2021-12-31,wren-underhill,Wren Underhill,Nevada,United States,software,Technology,2981.6,480,2501.6,
2021-12-31,ember-blackthorn,Ember Blackthorn,California,United States,software,Technology,2610.4,694.4,1916,
2021-12-31,ulla-northcott,Ulla Northcott,California,United States,investments,Diversified,2331.7,130.6,2201.1,
2021-12-31,calla-northcott,Calla Northcott,California,United States,semiconductors,Technology,2116.8,1657.5,459.3,
2021-12-31,soren-ironwood,Soren Ironwood,California,United States,software,Technology,2001.3,52,1949.3,
2021-12-31,zeno-amberly,Zeno Amberly,California,United States,software,Technology,1775.8,1353.2,422.6,
2021-12-31,ember-brightwater,Ember Brightwater,California,United States,private equity,Finance & Investments,1475.1,989.8,485.3,
2022-12-31,xavi-juniper,Xavi Juniper,California,United States,online marketplace,Technology,212262,141791,70471,
2022-12-31,calla-vantongeren,Calla Vantongeren,California,United States,semiconductors,Technology,180282.1,50298.7,129983.4,
2022-12-31,quill-silverbrook,Quill Silverbrook,California,United States,software,Technology,131209.8,54189.6,77020.2,
2022-12-31,marlo-zanderfell,Marlo Zanderfell,California,United States,software,Technology,103952,36383.2,67568.8,
2022-12-31,kestrel-dunmore,Kestrel Dunmore,California,United States,software,Technology,93733.3,,,
2022-12-31,halle-larkspur,Halle Larkspur,California,United States,hedge funds,Finance & Investments,57692.6,42807.9,14884.7,
2022-12-31,lumen-kettleby,Lumen Kettleby,California,United States,private equity,Finance & Investments,55560.5,36558.8,19001.7,
2022-12-31,xavi-copperfield,Xavi Copperfield,California,United States,semiconductors,Technology,36821.2,18668.3,18152.9,
2022-12-31,ulla-larkspur,Ulla Larkspur,California,United States,medical devices,Healthcare,27744.5,18228.1,9516.4,
2022-12-31,jory-thistlewood,Jory Thistlewood,California,United States,semiconductors,Technology,15625.2,,,
2022-12-31,yara-zanderfell,Yara Zanderfell,California,United States,streaming,Media & Entertainment,14920.9,9146.5,5774.4,
2022-12-31,tamsin-dunmore,Tamsin Dunmore,California,United States,real estate,Real Estate,14686.3,9355.2,5331.1,
2022-12-31,lumen-underhill,Lumen Underhill,California,United States,software,Technology,14476.1,8946.2,5529.9,
2022-12-31,kestrel-glenrock,Kestrel Glenrock,California,United States,semiconductors,Technology,12943.5,10743.1,2200.4,
2022-12-31,marlo-quarrington,Marlo Quarrington,California,United States,medical devices,Healthcare,9637,7969.8,1667.2,
2022-12-31,kestrel-emberton,Kestrel Emberton,California,United States,software,Technology,9568.9,6803.5,2765.4,
2022-12-31,bram-copperfield,Bram Copperfield,California,United States,sports team,Sports,6714.5,,,
2022-12-31,ulla-glenrock,Ulla Glenrock,California,United States,online marketplace,Technology,6606.1,3963.7,2642.4,
2022-12-31,zeno-driftwood,Zeno Driftwood,California,United States,athletic apparel,Fashion & Retail,5533.9,3796.3,1737.6,
2022-12-31,soren-hollowell,Soren Hollowell,California,United States,private equity,Finance & Investments,5495.3,3077.4,2417.9,
2022-12-31,tamsin-kettleby,Tamsin Kettleby,California,United States,hedge funds,Finance & Investments,4669.5,476.3,4193.2,
2022-12-31,zeno-hollowell,Zeno Hollowell,California,United States,medical devices,Healthcare,3153.3,545.5,2607.8,
2022-12-31,calla-northcott,Calla Northcott,California,United States,semiconductors,Technology,3003.2,2351.5,651.7,
2022-12-31,wren-underhill,Wren Underhill,Nevada,United States,software,Technology,2978.6,479.6,2499,
2022-12-31,soren-ironwood,Soren Ironwood,California,United States,software,Technology,2637.6,68.6,2569,
2022-12-31,ember-brightwater,Ember Brightwater,California,United States,private equity,Finance & Investments,2530.9,1698.2,832.7,
2022-12-31,soren-driftwood,Soren Driftwood,,United States,software,Technology,2458.8,1657.2,801.6,
2022-12-31,ulla-northcott,Ulla Northcott,California,United States,investments,Diversified,2320.3,129.9,2190.4,
2022-12-31,ember-blackthorn,Ember Blackthorn,California,United States,software,Technology,2242.8,596.6,1646.2,
2022-12-31,zeno-amberly,Zeno Amberly,California,United States,software,Technology,1858.6,1416.3,442.3,
2023-12-31,xavi-juniper,Xavi Juniper,California,United States,online marketplace,Technology,255304.1,170543.1,84761,
2023-12-31,calla-vantongeren,Calla Vantongeren,California,United States,semiconductors,Technology,224712,62694.6,162017.4,
2023-12-31,quill-silverbrook,Quill Silverbrook,California,United States,software,Technology,162633.6,67167.7,95465.9,
2023-12-31,marlo-zanderfell,Marlo Zanderfell,California,United States,software,Technology,153179.4,53612.8,99566.6,
2023-12-31,lumen-kettleby,Lumen Kettleby,California,United States,private equity,Finance & Investments,83105.5,54683.4,28422.1,
2023-12-31,kestrel-dunmore,Kestrel Dunmore,California,United States,software,Technology,67899.3,32863.3,35036,
2023-12-31,halle-larkspur,Halle Larkspur,California,United States,hedge funds,Finance & Investments,63153.9,46860.2,16293.7,
2023-12-31,xavi-copperfield,Xavi Copperfield,California,United States,semiconductors,Technology,39234,19891.6,19342.4,
2023-12-31,ulla-larkspur,Ulla Larkspur,California,United States,medical devices,Healthcare,28576,18774.4,9801.6,
2023-12-31,lumen-underhill,Lumen Underhill,California,United States,software,Technology,17725.7,10954.5,6771.2,
2023-12-31,yara-zanderfell,Yara Zanderfell,California,United States,streaming,Media & Entertainment,16440,10077.7,6362.3,
2023-12-31,jory-thistlewood,Jory Thistlewood,California,United States,semiconductors,Technology,16124.6,12851.3,3273.3,
2023-12-31,marlo-quarrington,Marlo Quarrington,California,United States,medical devices,Healthcare,13565,11218.3,2346.7,
2023-12-31,tamsin-dunmore,Tamsin Dunmore,California,United States,real estate,Real Estate,13158.5,8382,4776.5,
2023-12-31,kestrel-emberton,Kestrel Emberton,California,United States,software,Technology,12621.1,8973.6,3647.5,
2023-12-31,zeno-driftwood,Zeno Driftwood,California,United States,athletic apparel,Fashion & Retail,9396.8,6446.2,2950.6,
2023-12-31,bram-copperfield,Bram Copperfield,California,United States,sports team,Sports,9176.6,,,
2023-12-31,ulla-glenrock,Ulla Glenrock,California,United States,online marketplace,Technology,6147.2,3688.3,2458.9,
2023-12-31,tamsin-kettleby,Tamsin Kettleby,California,United States,hedge funds,Finance & Investments,5473,558.2,4914.8,
2023-12-31,wren-underhill,Wren Underhill,Nevada,United States,software,Technology,5361.2,863.2,4498,
2023-12-31,zeno-hollowell,Zeno Hollowell,California,United States,medical devices,Healthcare,5322.7,920.8,4401.9,
2023-12-31,soren-hollowell,Soren Hollowell,California,United States,private equity,Finance & Investments,5158.1,2888.5,2269.6,
2023-12-31,calla-northcott,Calla Northcott,California,United States,semiconductors,Technology,3887.4,3043.8,843.6,
2023-12-31,soren-ironwood,Soren Ironwood,California,United States,software,Technology,3863.2,100.4,3762.8,
2023-12-31,ulla-northcott,Ulla Northcott,California,United States,investments,Diversified,2803.5,157,2646.5,
2023-12-31,zeno-amberly,Zeno Amberly,California,United States,software,Technology,2427.5,1849.8,577.7,
2023-12-31,soren-driftwood,Soren Driftwood,,United States,software,Technology,2357.2,1588.8,768.4,
2023-12-31,ember-blackthorn,Ember Blackthorn,California,United States,software,Technology,2150.5,572,1578.5,
2023-12-31,ember-brightwater,Ember Brightwater,California,United States,private equity,Finance & Investments,1617.5,1085.3,532.2,
2023-12-31,kestrel-hollowell,Kestrel Hollowell,California,United States,online marketplace,Technology,1413.9,1177.8,236.1,
2024-12-31,xavi-juniper,Xavi Juniper,California,United States,online marketplace,Technology,292192.3,,,
2024-12-31,calla-vantongeren,Calla Vantongeren,California,United States,semiconductors,Technology,236217.8,65904.8,170313,
2024-12-31,quill-silverbrook,Quill Silverbrook,California,United States,software,Technology,210959,87126.1,123832.9,
2024-12-31,marlo-zanderfell,Marlo Zanderfell,California,United States,software,Technology,153986.5,53895.3,100091.2,
2024-12-31,lumen-kettleby,Lumen Kettleby,California,United States,private equity,Finance & Investments,102201.1,67248.3,34952.8,
2024-12-31,kestrel-dunmore,Kestrel Dunmore,California,United States,software,Technology,63505.5,30736.7,32768.8,
2024-12-31,halle-larkspur,Halle Larkspur,California,United States,hedge funds,Finance & Investments,62707.7,46529.1,16178.6,
2024-12-31,ulla-larkspur,Ulla Larkspur,California,United States,medical devices,Healthcare,59456,39062.6,20393.4,
2024-12-31,xavi-copperfield,Xavi Copperfield,California,United States,semiconductors,Technology,33325.3,16895.9,16429.4,
2024-12-31,yara-zanderfell,Yara Zanderfell,California,United States,streaming,Media & Entertainment,19464,11931.4,7532.6,
2024-12-31,lumen-underhill,Lumen Underhill,California,United States,software,Technology,19091.1,11798.3,7292.8,
2024-12-31,kestrel-emberton,Kestrel Emberton,California,United States,software,Technology,17316.6,12312.1,5004.5,
2024-12-31,tamsin-dunmore,Tamsin Dunmore,California,United States,real estate,Real Estate,15891.4,10122.8,5768.6,
2024-12-31,zeno-driftwood,Zeno Driftwood,California,United States,athletic apparel,Fashion & Retail,15082.2,10346.4,4735.8,
2024-12-31,marlo-quarrington,Marlo Quarrington,California,United States,medical devices,Healthcare,15008.4,12411.9,2596.5,
2024-12-31,jory-thistlewood,Jory Thistlewood,California,United States,semiconductors,Technology,14630,11660.1,2969.9,
2024-12-31,bram-copperfield,Bram Copperfield,California,United States,sports team,Sports,10112.4,,,
2024-12-31,zeno-hollowell,Zeno Hollowell,California,United States,medical devices,Healthcare,9659,1671,7988,
2024-12-31,soren-hollowell,Soren Hollowell,California,United States,private equity,Finance & Investments,6900.9,3864.5,3036.4,
2024-12-31,yara-kettleby,Yara Kettleby,California,United States,hedge funds,Finance & Investments,6040.1,2899.2,3140.9,
2024-12-31,wren-underhill,Wren Underhill,Nevada,United States,software,Technology,5729.1,922.4,4806.7,
2024-12-31,ulla-glenrock,Ulla Glenrock,California,United States,online marketplace,Technology,5478.4,3287,2191.4,
2024-12-31,ulla-northcott,Ulla Northcott,California,United States,investments,Diversified,4298,240.7,4057.3,
2024-12-31,tamsin-kettleby,Tamsin Kettleby,California,United States,hedge funds,Finance & Investments,4202.1,428.6,3773.5,
2024-12-31,ember-blackthorn,Ember Blackthorn,California,United States,software,Technology,4034,1073,2961,
2024-12-31,ember-brightwater,Ember Brightwater,California,United States,private equity,Finance & Investments,3135.3,2103.8,1031.5,
2024-12-31,zeno-amberly,Zeno Amberly,California,United States,software,Technology,2978.2,2269.4,708.8,
2024-12-31,soren-ironwood,Soren Ironwood,California,United States,software,Technology,2901.1,75.4,2825.7,
2024-12-31,calla-northcott,Calla Northcott,California,United States,semiconductors,Technology,2642.7,2069.2,573.5,
2024-12-31,soren-driftwood,Soren Driftwood,,United States,software,Technology,2271.1,1530.7,740.4,
2024-12-31,kestrel-hollowell,Kestrel Hollowell,California,United States,online marketplace,Technology,1739.7,,,
2024-12-31,quill-kettleby,Quill Kettleby,California,United States,athletic apparel,Fashion & Retail,1607.3,858.3,749,
2024-12-31,cyrus-copperfield,Cyrus Copperfield,California,United States,athletic apparel,Fashion & Retail,1150.6,553.4,597.2,
2024-12-31,nell-ravensworth,Nell Ravensworth,California,United States,streaming,Media & Entertainment,1130,244.1,885.9,
2026-01-01,xavi-juniper,Xavi Juniper,California,United States,online marketplace,Technology,344709.7,230266.1,114443.6,1760857
2026-01-01,quill-silverbrook,Quill Silverbrook,California,United States,software,Technology,290506.1,119979,170527.1,1701890
2026-01-01,calla-vantongeren,Calla Vantongeren,California,United States,semiconductors,Technology,266399.7,74325.5,192074.2,1221518
2026-01-01,marlo-zanderfell,Marlo Zanderfell,California,United States,software,Technology,178812.1,62584.2,116227.9,1831603
2026-01-01,lumen-kettleby,Lumen Kettleby,California,United States,private equity,Finance & Investments,124194.9,81720.2,42474.7,1214561
2026-01-01,ulla-larkspur,Ulla Larkspur,California,United States,medical devices,Healthcare,83427,54811.5,28615.5,1586839
2026-01-01,kestrel-dunmore,Kestrel Dunmore,California,United States,software,Technology,54534.9,26394.9,28140,1971623
2026-01-01,halle-larkspur,Halle Larkspur,California,United States,hedge funds,Finance & Investments,45219.3,33552.7,11666.6,1310936
2026-01-01,jory-thistlewood,Jory Thistlewood,California,United States,semiconductors,Technology,29796.1,,,1950742
2026-01-01,xavi-copperfield,Xavi Copperfield,California,United States,semiconductors,Technology,25841.8,13101.8,12740,
2026-01-01,lumen-underhill,Lumen Underhill,California,United States,software,Technology,23530.1,14541.6,8988.5,1105998
2026-01-01,kestrel-emberton,Kestrel Emberton,California,United States,software,Technology,23073.6,16405.3,6668.3,1215559
2026-01-01,bram-copperfield,Bram Copperfield,California,United States,sports team,Sports,16393.2,,,
2026-01-01,yara-zanderfell,Yara Zanderfell,California,United States,streaming,Media & Entertainment,13867.5,8500.8,5366.7,1400050
2026-01-01,soren-hollowell,Soren Hollowell,California,United States,private equity,Finance & Investments,12880.1,7212.9,5667.2,
2026-01-01,tamsin-dunmore,Tamsin Dunmore,California,United States,real estate,Real Estate,11640.9,7415.3,4225.6,1051311
2026-01-01,zeno-hollowell,Zeno Hollowell,California,United States,medical devices,Healthcare,11078.9,1916.6,9162.3,1393054
2026-01-01,yara-kettleby,Yara Kettleby,California,United States,hedge funds,Finance & Investments,9584.2,4600.4,4983.8,1818856
2026-01-01,marlo-quarrington,Marlo Quarrington,California,United States,medical devices,Healthcare,8970.3,7418.4,1551.9,1988694
2026-01-01,wren-underhill,Wren Underhill,Nevada,United States,software,Technology,7582.6,1220.8,6361.8,
2026-01-01,ember-brightwater,Ember Brightwater,California,United States,private equity,Finance & Investments,5940.9,3986.3,1954.6,
2026-01-01,ember-blackthorn,Ember Blackthorn,California,United States,software,Technology,5721.6,1521.9,4199.7,
2026-01-01,zeno-amberly,Zeno Amberly,California,United States,software,Technology,5652.9,4307.5,1345.4,1898484
2026-01-01,ulla-glenrock,Ulla Glenrock,California,United States,online marketplace,Technology,4767.2,2860.3,1906.9,1240816
2026-01-01,ulla-northcott,Ulla Northcott,California,United States,investments,Diversified,4270,239.1,4030.9,
2026-01-01,tamsin-kettleby,Tamsin Kettleby,California,United States,hedge funds,Finance & Investments,4232.2,431.7,3800.5,1918142
2026-01-01,soren-ironwood,Soren Ironwood,California,United States,software,Technology,3414.3,88.8,3325.5,1237192
2026-01-01,calla-northcott,Calla Northcott,California,United States,semiconductors,Technology,2305.7,1805.4,500.3,
2026-01-01,soren-driftwood,Soren Driftwood,,United States,software,Technology,1849.6,1246.6,603,1338730
2026-01-01,quill-kettleby,Quill Kettleby,California,United States,athletic apparel,Fashion & Retail,1837.2,981.1,856.1,1230089
2026-01-01,kestrel-hollowell,Kestrel Hollowell,California,United States,online marketplace,Technology,1687.2,1405.4,281.8,1126283
2026-01-01,cyrus-copperfield,Cyrus Copperfield,California,United States,athletic apparel,Fashion & Retail,1494.1,718.7,775.4,
2026-01-01,nell-ravensworth,Nell Ravensworth,California,United States,streaming,Media & Entertainment,1203.6,260,943.6,
