date,n_billionaires,forbes_worth_total,forbes_worth_top4,forbes_private_worth
2019-12-31,27,677.0804,465,255.1735
2020-01-08,27,676.7718000000001,467.9232,357.6553
2020-01-16,27,666.4404000000001,457.801,357.9962
2020-01-24,27,655.9925,448.708,318.022
2020-02-01,27,645.5740999999999,437.43240000000003,343.8891
2020-02-09,27,644.4894,437.15990000000005,344.9398
2020-02-17,27,672.3705,460.1553,361.76439999999997
2020-02-25,27,661.2628000000001,448.3229,353.8245
2020-03-04,27,693.8433,475.742,270.51559999999995
2020-03-12,27,698.5346,482.5195,370.1853
2020-03-20,26,700.2330999999999,497.6379,378.9758
2020-03-28,27,716.0885,494.3961,344.04659999999996
2020-04-05,27,713.7938,487.75380000000007,380.7638
2020-04-13,27,706.3062,477.4661,289.796
2020-04-21,27,718.2801,489.06919999999997,373.3637
2020-04-29,27,719.7564,485.5413,379.8232
2020-05-07,26,715.6626,503.3487,384.4322
2020-05-15,27,743.0097,506.73609999999996,394.07309999999995
2020-05-23,27,742.5475,503.78740000000005,388.52810000000005
2020-05-31,27,732.2411,489.7432,385.97240000000005
2020-06-08,27,723.3721999999999,482.867,380.3716
2020-06-16,27,728.4685999999999,486.3553,378.2864
2020-06-24,27,728.9175,484.7942,285.0022
2020-07-02,27,741.7216,497.37019999999995,388.49690000000004
2020-07-10,27,733.8389,490.7182,385.3806
2020-07-18,27,736.8505,493.5509,387.9
2020-07-26,26,739.7396,501.4715,390.3954
2020-08-03,26,718.7891,481.04130000000004,377.12870000000004
2020-08-11,25,720.8245,486.6698,380.7325
2020-08-19,26,724.0121,487.3096,379.7552
2020-08-27,26,707.7285,466.6191,366.2811
2020-09-04,26,713.2798,472.1565,362.2624
2020-09-12,26,690.8059000000001,452.43829999999997,269.50190000000003
2020-09-20,27,683.8827,450.2985,356.24039999999997
2020-09-28,27,691.1625,453.13759999999996,352.40009999999995
2020-10-06,27,702.2432,461.71819999999997,347.2373
2020-10-14,26,698.1711,464.0926,359.0318
2020-10-22,27,717.9249,476.8625,280.88339999999994
2020-10-30,25,594.3518,349.2147,273.403
2020-11-07,26,718.3698,472.1655,280.2825
2020-11-15,26,725.4093,482.85209999999995,375.23470000000003
2020-11-23,26,718.3571,474.4196,371.6994
2020-12-01,25,717.0378000000001,475.1164,371.2079
2020-12-09,26,722.4721999999999,481.669,375.70360000000005
2020-12-17,26,729.3298000000001,484.1545,378.36629999999997
2020-12-25,26,737.2846,489.804,381.0407
2020-12-31,27,746.5744,497.833,387.7141
2021-01-02,26,743.1677,498.5719,378.0067
2021-01-10,26,751.9175,502.6817,381.7547
2021-01-18,26,754.0177,507.8735,388.74940000000004
2021-01-26,25,751.7563,505.75980000000004,370.4171
2021-02-03,26,779.0418000000001,521.9639,403.34959999999995
2021-02-11,27,775.5896,519.0035,331.9977
2021-02-19,27,790.05,531.5126,383.90439999999995
2021-02-27,27,806.3899,545.7588000000001,413.7548
2021-03-07,26,797.397,532.1681,410.2495
2021-03-15,27,790.4345999999999,521.2656,404.7147
2021-03-23,28,797.8608,526.9638,408.912
2021-03-31,26,788.1321999999999,517.7287,251.3651
2021-04-08,28,798.4537,531.0566,404.40520000000004
2021-04-16,27,814.0648,548.3228,343.3517
2021-04-24,28,814.0248,544.9438,343.4122
2021-05-02,28,812.0134,542.7065,416.29139999999995
2021-05-10,28,843.9545,570.3305,428.98609999999996
2021-05-18,28,851.7431,577.6997,427.1567
2021-05-26,28,856.7128,578.503,433.7355
2021-06-03,27,845.5375,571.9887000000001,396.8508
2021-06-11,28,857.5278000000001,580.7837000000001,429.2883
2021-06-19,29,884.2616999999999,591.8729000000001,444.4851
2021-06-27,29,868.4163,579.2816,373.24609999999996
2021-07-05,29,878.3195999999999,585.8708,441.35
2021-07-13,29,861.1232,567.6916,431.293
2021-07-21,29,854.686,559.7729,426.1208
2021-07-29,29,858.9123,563.3578,412.8948
2021-08-06,29,874.2548,572.7823000000001,363.3007
2021-08-14,29,877.4259000000001,569.926,406.8134
2021-08-22,29,876.4939,568.2717,434.2473
2021-08-30,29,878.2075,569.1188000000001,434.2714
2021-09-07,29,882.8411,570.6965,439.1175
2021-09-15,29,874.5275,564.7089,432.39959999999996
2021-09-23,29,882.4944,580.2771,445.0342
2021-10-01,29,890.4471,579.0498,446.6759
2021-10-09,28,879.669,573.8659,444.6413
2021-10-17,28,884.4036,568.3061,445.55609999999996
2021-10-25,29,878.6862000000001,558.1953000000001,437.0395
2021-11-02,29,880.8746,557.2437,442.0078
2021-11-10,29,874.7549,546.2491,406.54359999999997
2021-11-18,29,870.1369,541.4439,359.75690000000003
2021-11-26,28,801.3820999999999,529.9271,400.1067
2021-12-04,29,851.0477,536.5605,428.7042
2021-12-12,30,849.1754,523.918,427.7985
2021-12-20,30,877.2477,551.2021,442.6894
2021-12-28,30,883.7555,556.6787999999999,446.7553
2021-12-31,30,897.2148,570.0676,453.6137
2022-01-05,30,914.6784,588.9067,464.72209999999995
2022-01-13,30,914.9716999999999,583.7180999999999,461.9358
2022-01-21,30,918.1235,586.4772,467.7496
2022-01-29,30,899.4085,567.2588000000001,453.3393
2022-02-06,30,894.7111,553.4163000000001,415.4817
2022-02-14,30,905.4432,560.3921,434.01160000000004
2022-02-22,30,903.0187,564.2280999999999,450.913
2022-03-02,30,909.2719000000001,570.5077,453.2352
2022-03-10,30,927.3533,589.3339,465.2907
2022-03-18,30,925.0132,581.6033,462.3335
2022-03-26,30,915.2862,565.2828000000001,461.71410000000003
2022-04-03,30,902.2822,544.1793,436.4965
2022-04-11,30,908.1222999999999,547.764,453.0675
2022-04-19,29,894.4129,540.8290999999999,446.5685
2022-04-27,29,819.3573,539.6438,409.2265
2022-05-05,29,915.1286,553.5482999999999,461.29069999999996
2022-05-13,30,914.4619,541.3935,461.89519999999993
2022-05-21,30,921.7273,550.6211999999999,465.99879999999996
2022-05-29,30,932.9134,564.3963,472.33509999999995
2022-06-06,30,929.9151999999999,561.8543000000001,467.86670000000004
2022-06-14,30,934.488,566.3506,419.8492
2022-06-22,30,937.9673,570.9238,470.75079999999997
2022-06-30,30,943.9926999999999,579.5644,457.9105
2022-07-08,30,926.0369000000001,565.6211,462.2101
2022-07-16,30,915.3776,561.2918000000001,459.9029
2022-07-24,30,943.9411,584.2962,467.0843
2022-08-01,30,939.1498,574.4982,477.1529
2022-08-09,30,930.5639,568.0204,471.6953
2022-08-17,30,932.0291,567.2198000000001,470.8319
2022-08-25,30,939.8568,582.529,474.9384
2022-09-02,30,941.4959,582,473.1776
2022-09-10,30,937.4144,579.2353,467.5475
2022-09-18,30,955.4684,590.8906,475.87
2022-09-26,30,944.303,580.7784,263.2806
2022-10-04,30,936.4091999999999,573.8648000000001,462.697
2022-10-12,30,952.1608,589.185,469.79290000000003
2022-10-20,30,959.8107,590.4118000000001,474.50339999999994
2022-10-28,30,970.5876999999999,592.7574000000001,474.009
2022-11-05,30,989.7402,603.1644,477.8999
2022-11-13,30,985.773,600.7735,343.8733
2022-11-21,29,973.7337,594.9792,482.15909999999997
2022-11-29,29,977.7165,611.2491,478.6547
2022-12-07,30,1027.3071,627.3860999999999,504.8715
2022-12-15,30,1029.2839000000001,622.1709000000001,498.16720000000004
2022-12-23,30,1045.7396999999999,631.803,509.4535
2022-12-31,30,1043.3193,627.7059,455.09929999999997
2023-01-08,30,1052.2993000000001,630.7321999999999,459.046
2023-01-16,30,1048.9998999999998,626.7342,443.325
2023-01-24,30,1041.698,619.5446,509.61809999999997
2023-02-01,30,1076.9008000000001,639.6933,525.045
2023-02-09,30,1066.5863,633.2230999999999,450.8171
2023-02-17,30,1079.3953000000001,638.2593,525.7849
2023-02-25,29,1026.4823000000001,633.3732,503.1291
2023-03-05,30,1089.4188000000001,653.5962,453.8776
2023-03-13,30,1108.8517,662.8686,534.569
2023-03-21,30,1117.1714,665.5168000000001,516.6787
2023-03-29,30,1150.2518,686.4648000000001,536.5289
2023-04-06,30,1151.2041000000002,675.2789,559.5186
2023-04-14,30,1162.9684,688.3670999999999,567.8744
2023-04-22,30,1192.6721,707.4965,567.5784
2023-04-30,30,1178.1229,692.3268,482.82809999999995
2023-05-08,30,1195.3138000000001,710.8748,584.5957000000001
2023-05-16,30,1173.7170999999998,695.1821,492.5233
2023-05-24,30,1157.9467,684.825,560.8535
2023-06-01,30,1168.2345,688.9098,563.691
2023-06-09,30,1179.3082,705.3423,567.1332
2023-06-17,29,1161.0176999999999,703.6336,560.407
2023-06-25,29,1140.6031,688.453,551.4311
2023-07-03,29,1134.5366999999999,681.2506,550.1198
2023-07-11,28,1127.6605,693.9388,553.2908
2023-07-19,29,1130.3241,685.554,552.8688000000001
2023-07-27,29,1129.5665,686.9358000000001,548.8276999999999
2023-08-04,29,1131.8098,693.8175,553.4842
2023-08-12,29,1161.9291,727.4259000000001,568.6088
2023-08-20,29,1150.4284,721.0903000000001,439.8708
2023-08-28,29,1168.2481,743.2264,577.4404000000001
2023-09-05,29,1200.6432,772.3085,592.32
2023-09-13,29,1181.4598999999998,753.2874,584.5228000000001
2023-09-21,29,1178.691,752.316,566.6411999999999
2023-09-29,29,1172.6048999999998,752.9158,581.2622000000001
2023-10-07,30,1176.621,752.5093,485.9072
2023-10-15,30,1184.4943,763.2564,578.3703
2023-10-23,29,1166.116,747.8131999999999,556.3375
2023-10-31,29,1159.093,748.5849,572.4576999999999
2023-11-08,29,1127.3852,737.8413,452.3104
2023-11-16,30,1183.7292,754.3883000000001,580.8155
2023-11-24,30,1195.5979,765.1791999999999,441.73889999999994
2023-12-02,30,1217.3368,782.6351,591.0915
2023-12-10,30,1227.163,789.4418000000001,602.6687999999999
2023-12-18,30,1208.3902,768.5172,594.7766
2023-12-26,30,1235.1517,797.8818,609.2602999999999
2023-12-31,30,1233.989,795.8290999999999,610.3238
2024-01-03,30,1223.7555,773.2632,593.1803000000001
2024-01-11,30,1229.1332,787.6284,590.2509
2024-01-19,30,1245.6299,796.39,606.2956999999999
2024-01-27,29,1208.8921,820.2565999999999,602.5788
2024-02-04,30,1282.702,826.7304,438.2714
2024-02-12,30,1312.522,848.0343,636.3008000000001
2024-02-20,30,1312.6343,860.5638,552.268
2024-02-28,31,1313.0821,843.6622000000001,527.7420999999999
2024-03-07,31,1291.7259000000001,823.4665,618.5849000000001
2024-03-15,31,1305.9969,842.8993,616.5396
2024-03-23,32,1320.0495,850.7863000000001,634.9807000000001
2024-03-31,32,1341.166,873.2179,639.2221999999999
2024-04-08,32,1341.9411,875.9009,639.9256
2024-04-16,32,1360.7145,890.6769,453.6165
2024-04-24,33,1360.3364,884.0018,645.9521
2024-05-02,33,1372.1434,895.0187,651.562
2024-05-10,33,1398.1465,910.7676000000001,569.5054
2024-05-18,33,1391.7844,906.7996999999999,659.9598000000001
2024-05-26,33,1392.885,906.2338000000001,661.3558
2024-06-03,31,1383.2703999999999,922.4048999999999,638.0814
2024-06-11,33,1386.8138000000001,910.6711,657.9347
2024-06-19,33,1409.426,924.5473000000001,666.7885
2024-06-27,31,1393.8351,930.0809,662.1569000000001
2024-07-05,31,1318.0788,934.0548,472.4825
2024-07-13,32,1455.0658999999998,950.7047,684.1129
2024-07-21,32,1453.7970999999998,940.8905,687.5979
2024-07-29,32,1443.4616,943.1105,667.2051
2024-08-06,32,1452.052,945.7325999999999,687.039
2024-08-14,33,1445.6313,939.0806000000001,684.6147
2024-08-22,33,1438.5273,937.2318,683.534
2024-08-30,33,1406.8153,894.7660999999999,515.431
2024-09-07,33,1408.5619,889.6128,669.4613
2024-09-15,33,1399.5378,889.3214,669.9574
2024-09-23,33,1383.6669,868.7185999999999,660.8919000000001
2024-10-01,30,1178.6517,671.5038000000001,533.5429
2024-10-09,33,1365.1014,852.5619,651.9603000000001
2024-10-17,34,1419.4336,910.3487,517.3904
2024-10-25,33,1449.2672,936.3244,690.3887
2024-11-02,34,1441.7985,932.6922,689.1365999999999
2024-11-10,33,1429.6972,931.9793000000001,628.9869
2024-11-18,33,1438.959,917.2346,673.6718000000001
2024-11-26,33,1433.8550999999998,904.4608999999999,678.2792
2024-12-04,34,1422.3977,903.8028,688.3438000000001
2024-12-12,34,1396.0513999999998,877.1905,673.4154
2024-12-20,33,1421.1325,904.8109000000001,686.3246
2024-12-28,34,1410.7378999999999,890.4626999999999,678.6411999999999
2024-12-31,34,1407.0448999999999,893.3556,590.928
2025-01-05,34,1451.1821,936.7233,702.8231999999999
2025-01-13,34,1487.8491999999999,969.9094,705.0262
2025-01-21,34,1496.7071,978.2968000000001,626.2087
2025-01-29,34,1532.0789,1008.0808000000001,645.6685
2025-02-06,34,1561.1689000000001,1019.624,767.3077
2025-02-14,34,1545.0628000000002,1008.7090999999999,761.0208
2025-02-22,34,1531.2468000000001,1000.7473,757.9835
2025-03-02,34,1496.5303000000001,970.3096999999999,745.5803000000001
2025-03-10,32,1443.7893000000001,949.7111,724.9429
2025-03-18,34,1497.5323,972.6691999999999,753.3851999999999
2025-03-26,34,1519.9974000000002,995.6067,708.7093000000001
2025-04-03,34,1525.045,996.1727,763.4481999999999
2025-04-11,34,1548.2723999999998,1018.4991,778.89
2025-04-19,34,1513.6224,969.9122,636.2732
2025-04-27,34,1529.7411000000002,981.7706,768.1885
2025-05-05,34,1558.5841,1015.76,693.8059000000001
2025-05-13,34,1589.7716,1045.2817,608.4133
2025-05-21,34,1594.4776,1046.971,804.6645
2025-05-29,34,1627.4984,1082.8883,813.5351999999999
2025-06-06,34,1636.7451999999998,1090.9647,825.0339
2025-06-14,34,1641.2412,1094.071,830.6224
2025-06-22,34,1639.8111000000001,1094.1038,830.3057000000001
2025-06-30,34,1608.5237,1065.7047,795.7577
2025-07-08,33,1591.4561999999999,1094.8761000000002,819.968
2025-07-16,34,1669.2166000000002,1121.4778000000001,849.9143
2025-07-24,33,1662.5005,1128.2571,845.7107
2025-08-01,34,1702.5204,1150.2682,867.979
2025-08-09,34,1725.7874,1159.5075,878.2246
2025-08-17,34,1679.0185,1110.3576,817.9954
2025-08-25,34,1661.5917,1083.9563,838.6682000000001
2025-09-02,33,1655.1538,1095.5664,844.3675999999999
2025-09-10,33,1681.9661999999998,1092.9851999999998,842.2026
2025-09-18,34,1719.5578,1131.0875,867.8213000000001
2025-09-26,34,1718.8002,1133.8797,866.8066
2025-10-04,33,1746.2203,1162.4069,877.7626
2025-10-12,34,1740.1348,1158.79,839.5763000000001
2025-10-20,34,1703.4684,1132.7451999999998,652.3299000000001
2025-10-28,34,1713.772,1141.8832,855.1686
2025-11-05,34,1713.5094,1133.8346000000001,822.5341
2025-11-13,34,1754.9281,1172.9584,846.5771
2025-11-21,33,1717.2745,1162.7383,854.6514
2025-11-29,33,1669.1293999999998,1138.1395,839.0554000000001
2025-12-07,34,1644.6931000000002,1074.1137,806.1008
2025-12-15,32,1601.6488,1053.6927,784.1569000000001
2025-12-23,33,1606.9545,1041.8069,785.4854
2025-12-30,33,1619.1003,1063.9427,794.441
2026-01-01,33,1626.4195,1080.4276,794.4094
2026-01-08,33,1644.9458,1112.8021999999999,818.8435
2026-01-16,33,1636.2950999999998,1101.5067,808.5699000000001
2026-01-24,33,1607.5603999999998,1082.224,787.5514000000001
2026-02-01,33,1609.8299,1085.1568,795.7506999999999
2026-02-09,33,1625.1264,1096.715,809.0585
2026-02-17,33,1608.4782,1078.2854,798.3152
2026-02-25,33,1613.0205999999998,1092.4477,783.5992
2026-03-05,32,1653.9995999999999,1129.7901000000002,597.9471
2026-03-13,32,1613.8143,1090.604,685.6287
2026-03-21,33,1635.2844,1101.136,765.378
