industries,n_billionaires,forbes_public_worth,forbes_worth,fraction_public_worth,fraction_forbes_worth
Technology,17,572.0550999999999,1270.1852,0.4503714104053487,0.7809702232419127
Finance & Investments,6,131.50419999999997,202.0516,0.6508446357267151,0.12423092566216773
Healthcare,3,64.1465,103.47619999999999,0.6199154974767145,0.06362208520003602
Sports,1,0,16.3932,0,0.01007931840463054
Media & Entertainment,2,8.7608,15.0711,0.5812979809038491,0.009266428495231396
Real Estate,1,7.4153,11.6409,0.6370040117173071,0.0071573785238064356
Diversified,1,0.2391,4.27,0.055995316159250595,0.0026253989207581435
Fashion & Retail,2,1.6998000000000002,3.3313,0.5102512532644914,0.0020482415514570503
Total,33,785.8208000000001,1626.4195,0.4831599719506561,1
